ID,Delivery_person_ID,Delivery_person_Age,Delivery_person_Ratings,Restaurant_latitude,Restaurant_longitude,Delivery_location_latitude,Delivery_location_longitude,Order_Date,Time_Orderd,Time_Order_picked,Weather_conditions,Road_traffic_density,Vehicle_condition,Type_of_order,Type_of_vehicle,multiple_deliveries,Festival,City,Time_taken (min),Distance_km,Prep_time_min,Order_hour,Order_period,Order_dayofweek,Is_weekend
0x750a,PUNERES01DEL01,21.0,4.5,18.569156,73.774723,18.679156,73.884723,2022-03-10,23:25,23:30,Fog,Low,1,Buffet,scooter,1.0,No,Metropolitian,23,16.851045489710874,5.0,23,Night,3,0
0x7e6a,VADRES05DEL01,39.0,4.9,22.310526,73.170937,22.320526,73.180937,2022-03-11,10:40,10:45,Fog,Low,0,Meal,motorcycle,0.0,No,Metropolitian,28,1.5147927355664839,5.0,10,Morning,4,0
0x4047,HYDRES15DEL02,38.0,5.0,17.45971,78.368855,17.58971,78.498855,2022-03-23,19:30,19:40,Windy,Jam,0,Buffet,motorcycle,2.0,Yes,Semi-Urban,53,19.974163074784503,10.0,19,Evening,2,0
0x280a,VADRES14DEL01,33.0,4.2,22.311603,73.165012,22.421603,73.275012,2022-04-06,19:25,19:30,Fog,Jam,1,Meal,motorcycle,1.0,No,Metropolitian,35,16.65990378949706,5.0,19,Evening,2,0
0x53c7,HYDRES17DEL01,35.0,4.0,17.451976,78.385883,17.461976,78.395883,2022-03-21,11:30,11:35,Windy,High,1,Snack,motorcycle,2.0,No,Metropolitian,34,1.5367469794092732,5.0,11,Afternoon,0,0
0xadde,MUMRES05DEL02,23.0,5.0,18.927584,72.832585,18.977584,72.882585,2022-03-24,18:25,18:35,Windy,Medium,1,Snack,motorcycle,1.0,No,Metropolitian,24,7.652510173139905,10.0,18,Evening,3,0
0x28e9,HYDRES03DEL02,31.0,4.0,17.422819,78.449578,17.502819,78.529578,2022-04-06,21:25,21:40,Cloudy,Jam,1,Snack,scooter,0.0,No,Metropolitian,42,12.29378731203682,15.0,21,Night,2,0
0x492b,BANGRES010DEL03,22.0,4.7,12.933298,77.614293,12.963298,77.644293,2022-03-30,19:55,20:00,Stormy,Jam,0,Snack,motorcycle,2.0,No,Metropolitian,39,4.658009301231346,5.0,19,Evening,2,0
0xca13,KNPRES16DEL01,35.0,4.7,26.482581,80.315628,26.592581,80.425628,2022-02-18,23:40,23:45,Stormy,Low,0,Buffet,motorcycle,1.0,No,Urban,20,16.411946865277123,5.0,23,Night,4,0
0xbaa9,CHENRES05DEL02,35.0,4.8,13.058616,80.264151,13.108616,80.314151,2022-03-28,20:55,21:05,Sandstorms,Jam,1,Drinks,motorcycle,1.0,No,Urban,25,7.761284984440735,10.0,20,Night,0,0
0x1be4,PUNERES06DEL02,21.0,4.7,18.546258,73.904337,18.596258,73.954337,2022-03-24,21:00,21:05,Cloudy,Jam,1,Buffet,scooter,1.0,No,Metropolitian,30,7.660692882261043,5.0,21,Night,3,0
0xa1a2,CHENRES05DEL02,34.0,4.8,13.058616,80.264151,13.078616,80.284151,2022-03-17,11:35,11:50,Stormy,High,1,Snack,scooter,1.0,No,Metropolitian,27,3.104605953841284,15.0,11,Afternoon,3,0
0x9d94,PUNERES17DEL02,34.0,4.8,18.530963,73.828972,18.660963,73.958972,2022-03-08,23:55,00:05,Sunny,Low,1,Meal,scooter,0.0,No,Metropolitian,16,19.916432533839362,10.0,23,Night,1,0
0x60d2,COIMBRES18DEL01,25.0,4.7,11.02091,76.940432,11.09091,77.010432,2022-03-18,23:30,23:40,Stormy,Low,2,Snack,scooter,0.0,No,Metropolitian,19,10.906065218662736,10.0,23,Night,4,0
0x93f5,VADRES06DEL02,36.0,4.8,22.31279,73.170283,22.39279,73.250283,2022-04-06,23:20,23:25,Stormy,Low,2,Buffet,scooter,1.0,No,Metropolitian,28,12.11684826095673,5.0,23,Night,2,0
0x336c,CHENRES18DEL01,22.0,4.7,12.981615,80.231598,13.051615,80.301598,2022-03-06,18:10,18:25,Stormy,Medium,1,Snack,motorcycle,1.0,No,Urban,18,10.867232952679457,15.0,18,Evening,6,1
0x1d15,MYSRES02DEL01,23.0,4.7,12.304569,76.643622,12.344569,76.683622,2022-03-07,12:55,13:05,Sunny,High,1,Buffet,scooter,0.0,No,Metropolitian,11,6.218076509100711,10.0,12,Afternoon,0,0
0x8dc7,COIMBRES16DEL03,23.0,4.7,11.010375,76.95295,11.100375,77.04295,2022-03-31,19:20,19:30,Fog,Jam,2,Drinks,scooter,1.0,No,Metropolitian,36,14.022096082518878,10.0,19,Evening,3,0
0x6c74,MUMRES02DEL03,38.0,4.8,19.221315,72.862381,19.281315,72.922381,2022-03-01,20:25,20:35,Cloudy,Jam,0,Drinks,motorcycle,0.0,No,Metropolitian,27,9.175193844437826,10.0,20,Night,1,0
0xb04e,HYDRES19DEL01,25.0,5.0,17.458998,78.500366,17.468998,78.510366,2022-03-03,11:15,11:30,Cloudy,High,0,Snack,motorcycle,1.0,No,Urban,26,1.5367187556842812,15.0,11,Afternoon,3,0
0x3db8,MUMRES08DEL03,22.0,4.5,19.065838,72.832658,19.155838,72.922658,2022-03-29,23:45,23:50,Fog,Low,2,Buffet,scooter,1.0,No,Metropolitian,25,13.768325585874765,5.0,23,Night,1,0
0x56e9,MYSRES16DEL03,32.0,4.9,12.316967,76.603067,12.406967,76.693067,2022-03-06,21:20,21:35,Cloudy,Jam,0,Buffet,motorcycle,2.0,No,Metropolitian,45,13.989695713800396,15.0,21,Night,6,1
0x397a,INDORES02DEL03,26.0,4.1,22.651847,75.881991,22.681847,75.911991,2022-03-15,23:35,23:40,Sandstorms,Low,0,Buffet,motorcycle,1.0,No,Metropolitian,19,4.539068203248638,5.0,23,Night,1,0
0x1481,MUMRES20DEL02,25.0,4.8,19.103249,72.846749,19.183249,72.926749,2022-03-06,17:45,18:00,Fog,Medium,0,Meal,motorcycle,2.0,No,Metropolitian,44,12.237379473670961,15.0,17,Evening,6,1
0x336f,MUMRES09DEL01,23.0,4.9,18.994049,72.825203,19.004049,72.835203,2022-03-28,10:00,10:10,Cloudy,Low,2,Meal,electric_scooter,0.0,No,Metropolitian,15,1.5303005968363894,10.0,10,Morning,0,0
0x2a52,HYDRES14DEL02,26.0,4.8,17.426228,78.407495,17.476228,78.457495,2022-03-19,21:35,21:40,Sandstorms,Jam,2,Buffet,motorcycle,1.0,No,Metropolitian,21,7.683850219127101,5.0,21,Night,5,1
0x1439,COIMBRES18DEL01,21.0,4.5,11.02091,76.940432,11.03091,76.950432,2022-04-01,10:00,10:05,Windy,Low,1,Buffet,scooter,1.0,No,Urban,17,1.5580874730609473,5.0,10,Morning,4,0
0x8ce6,INDORES12DEL03,35.0,4.3,22.74806,75.8934,22.83806,75.9834,2022-03-29,20:20,20:25,Stormy,Jam,2,Drinks,scooter,1.0,No,Urban,32,13.611428630407849,5.0,20,Night,1,0
0xa1a4,RANCHIRES19DEL02,21.0,4.6,23.333017,85.3172,23.463017,85.4472,2022-03-31,22:40,22:45,Windy,Low,2,Drinks,scooter,1.0,No,Unknown,11,19.620419296539986,5.0,22,Night,3,0
0x5c4f,CHENRES18DEL01,32.0,4.1,12.981615,80.231598,13.091615,80.341598,2022-03-04,19:10,19:15,Sandstorms,Jam,1,Buffet,motorcycle,1.0,No,Metropolitian,38,17.076407856166536,5.0,19,Evening,4,0
0xd2c5,LUDHRES20DEL01,34.0,4.9,30.885915,75.788259,30.895915,75.798259,2022-02-15,12:00,12:05,Stormy,High,2,Snack,scooter,1.0,No,Metropolitian,29,1.4652500694886232,5.0,12,Afternoon,1,0
0x8117,INDORES09DEL03,34.0,4.7,22.725835,75.887648,22.785835,75.947648,2022-03-01,21:45,21:55,Sandstorms,Jam,2,Drinks,scooter,1.0,No,Metropolitian,26,9.075423573606574,10.0,21,Night,1,0
0x715d,BANGRES05DEL01,28.0,4.8,12.970324,77.645748,12.980324,77.655748,2022-03-13,08:15,08:25,Fog,Low,2,Buffet,scooter,1.0,No,Metropolitian,19,1.5525876685610625,10.0,8,Morning,6,1
0xd340,KNPRES19DEL01,30.0,3.7,26.49095,80.318656,26.56095,80.388656,2022-02-14,20:30,20:35,Windy,Jam,2,Snack,scooter,2.0,No,Metropolitian,43,10.444437629135967,5.0,20,Night,0,0
0x9f4,MUMRES01DEL01,37.0,4.5,19.12663,72.829976,19.19663,72.899976,2022-03-04,23:25,23:35,Fog,Low,1,Snack,scooter,1.0,No,Metropolitian,31,10.707144604562082,10.0,23,Night,4,0
0xb6c5,CHENRES16DEL02,27.0,4.8,13.049645,80.242268,13.179645,80.372268,2022-03-12,20:25,20:40,Sunny,Jam,2,Meal,motorcycle,1.0,No,Urban,14,20.178100872931342,15.0,20,Night,5,1
0x42e4,JAPRES02DEL01,29.0,4.7,26.914142,75.805704,26.984142,75.875704,2022-03-20,23:15,23:25,Windy,Low,0,Drinks,motorcycle,1.0,No,Metropolitian,17,10.427208660422918,10.0,23,Night,6,1
0x33d6,RANCHIRES08DEL01,38.0,4.9,23.353783,85.326967,23.423783,85.396967,2022-03-12,18:25,18:40,Sandstorms,Medium,0,Meal,motorcycle,1.0,No,Metropolitian,30,10.565179206181444,15.0,18,Evening,5,1
0x7c03,MYSRES16DEL03,27.0,4.5,12.316967,76.603067,12.376967,76.663067,2022-03-21,21:35,21:40,Stormy,Jam,2,Drinks,electric_scooter,1.0,No,Metropolitian,29,9.326725258722023,5.0,21,Night,0,0
0x6530,SURRES09DEL01,39.0,4.6,21.175975,72.795503,21.245975,72.865503,2022-03-02,23:10,23:25,Sandstorms,Low,0,Buffet,motorcycle,1.0,No,Metropolitian,28,10.641407763221139,15.0,23,Night,2,0
0x2dfa,JAPRES11DEL03,35.0,4.7,26.90294,75.793007,27.04294,75.933007,2022-03-16,19:25,19:35,Fog,Jam,2,Drinks,electric_scooter,1.0,No,Metropolitian,37,20.85246332426527,10.0,19,Evening,2,0
0x1f79,MUMRES06DEL01,22.0,4.9,19.055831,72.833984,19.165831,72.943984,2022-03-02,23:20,23:35,Cloudy,Low,0,Buffet,motorcycle,1.0,No,Metropolitian,22,16.827953238536708,15.0,23,Night,2,0
0x83da,COIMBRES03DEL01,25.0,4.7,11.025083,77.015393,11.035083,77.025393,2022-03-13,08:55,09:05,Sunny,Low,0,Drinks,motorcycle,1.0,No,Unknown,17,1.5580766213086716,10.0,8,Morning,6,1
0x9e78,SURRES12DEL02,26.0,4.0,21.183434,72.814492,21.313434,72.944492,2022-03-04,19:25,19:30,Sunny,Jam,0,Snack,motorcycle,1.0,No,Urban,32,19.76027880154466,5.0,19,Evening,4,0
0x25c6,PUNERES13DEL01,38.0,4.6,18.56245,73.916619,18.57245,73.926619,2022-03-21,08:15,08:30,Cloudy,Low,2,Meal,scooter,1.0,No,Metropolitian,19,1.5321547990764786,15.0,8,Morning,0,0
0x4531,INDORES09DEL01,31.0,4.7,22.725835,75.887648,22.765835,75.927648,2022-03-13,14:10,14:20,Windy,High,0,Snack,motorcycle,3.0,Yes,Semi-Urban,49,6.050486021641428,10.0,14,Afternoon,6,1
0x608b,PUNERES16DEL02,37.0,4.9,18.536718,73.830327,18.616719,73.910327,2022-03-20,17:30,17:35,Cloudy,Medium,0,Buffet,motorcycle,1.0,No,Metropolitian,46,12.25700312192057,5.0,17,Evening,6,1
0xaf42,HYDRES08DEL03,20.0,4.8,17.438263,78.397865,17.528263,78.487865,2022-03-25,17:30,17:40,Sunny,Medium,2,Meal,scooter,0.0,No,Urban,12,13.82977049957229,10.0,17,Evening,4,0
0x7976,PUNERES14DEL03,29.0,4.6,18.516216,73.842527,18.606216,73.932527,2022-03-12,17:30,17:35,Fog,Medium,0,Buffet,motorcycle,1.0,No,Metropolitian,40,13.789630729980562,5.0,17,Evening,5,1
0x1ad5,HYDRES14DEL03,30.0,4.9,17.426228,78.407495,17.486228,78.467495,2022-04-05,20:15,20:25,Windy,Jam,2,Meal,motorcycle,0.0,No,Metropolitian,27,9.220499640905741,10.0,20,Night,1,0
0x4f05,MYSRES13DEL02,33.0,4.9,12.310972,76.659264,12.390972,76.739264,2022-04-02,23:45,00:00,Sandstorms,Low,0,Drinks,motorcycle,1.0,No,Metropolitian,26,12.435540495461442,15.0,23,Night,5,1
0x4f91,RANCHIRES06DEL03,22.0,4.7,23.357804,85.325146,23.417804,85.385146,2022-03-13,23:40,23:50,Windy,Low,1,Snack,motorcycle,1.0,No,Metropolitian,14,9.055898607912091,10.0,23,Night,6,1
0x38fb,COIMBRES06DEL02,30.0,4.8,11.021278,76.995017,11.101278,77.075017,2022-03-14,23:25,23:35,Stormy,Low,2,Meal,scooter,1.0,No,Urban,25,12.463962426993913,10.0,23,Night,0,0
0x74c2,INDORES19DEL03,28.0,4.9,22.745536,75.893106,22.775536,75.923106,2022-03-15,18:50,18:55,Fog,Medium,1,Snack,scooter,1.0,No,Metropolitian,19,4.537640130462668,5.0,18,Evening,1,0
0xd7d6,GOARES01DEL02,27.0,4.8,15.576683,73.75575,15.626683,73.80575,2022-02-17,22:40,22:55,Cloudy,Low,1,Snack,motorcycle,0.0,No,Metropolitian,17,7.7191763867423395,15.0,22,Night,3,0
0x3974,PUNERES13DEL01,21.0,4.8,18.56245,73.916619,18.63245,73.986619,2022-04-04,20:00,20:15,Fog,Jam,2,Snack,scooter,0.0,No,Metropolitian,31,10.724189700859583,15.0,20,Night,0,0
0xbe03,COIMBRES01DEL01,20.0,4.1,11.016298,76.972076,11.086298,77.042076,2022-04-06,19:15,19:20,Fog,Jam,2,Drinks,motorcycle,1.0,No,Urban,42,10.906149360969733,5.0,19,Evening,2,0
0x67b5,RANCHIRES07DEL03,37.0,4.9,23.359407,85.325055,23.419407,85.385055,2022-03-21,23:35,23:50,Fog,Low,2,Snack,electric_scooter,1.0,No,Metropolitian,15,9.055848504226429,15.0,23,Night,0,0
0x8e31,PUNERES13DEL01,25.0,4.7,18.56245,73.916619,18.60245,73.956619,2022-04-03,12:45,13:00,Sandstorms,High,2,Drinks,scooter,0.0,No,Urban,17,6.128363939648455,15.0,12,Afternoon,6,1
0x3f7a,COIMBRES09DEL01,38.0,4.0,11.008638,76.984311,11.078638,77.054311,2022-03-12,20:10,20:25,Sandstorms,Jam,0,Meal,motorcycle,2.0,No,Metropolitian,46,10.90628903651029,15.0,20,Night,5,1
0x1d1c,HYDRES02DEL02,22.0,4.5,17.41233,78.449654,17.49233,78.529654,2022-03-31,22:35,22:50,Windy,Low,1,Snack,scooter,1.0,No,Urban,11,12.294124530423586,15.0,22,Night,3,0
0xcfaa,DEHRES14DEL02,39.0,4.7,30.319528,78.040267,30.339528,78.060267,2022-02-11,09:45,09:55,Fog,Low,0,Buffet,motorcycle,1.0,No,Metropolitian,24,2.9377377563016864,10.0,9,Morning,4,0
0x9de5,SURRES17DEL01,24.0,4.9,21.149569,72.772697,21.159569,72.782697,2022-03-26,10:10,10:25,Sandstorms,Low,2,Meal,scooter,0.0,No,Metropolitian,16,1.5204709334108633,15.0,10,Morning,5,1
0x4831,MUMRES18DEL03,31.0,4.8,19.1093,72.825451,19.1393,72.855451,2022-03-15,19:40,19:45,Sandstorms,Jam,1,Drinks,scooter,1.0,No,Urban,27,4.589265860691712,5.0,19,Evening,1,0
0x5d4c,INDORES18DEL01,34.0,5.0,22.753839,75.897429,22.863838,76.007429,2022-04-04,23:15,23:30,Stormy,Low,2,Buffet,motorcycle,1.0,No,Metropolitian,20,16.635223376953338,15.0,23,Night,0,0
0x454b,VADRES01DEL03,30.0,4.0,22.307898,73.167788,22.367898,73.227788,2022-03-05,20:10,20:25,Stormy,Jam,0,Drinks,motorcycle,1.0,No,Metropolitian,34,9.088084092164259,15.0,20,Night,5,1
0xaba4,PUNERES11DEL02,39.0,4.8,18.533811,73.899315,18.613811,73.979315,2022-03-27,23:20,23:35,Windy,Low,2,Meal,motorcycle,1.0,No,Metropolitian,15,12.257021346006622,15.0,23,Night,6,1
0x6b6b,INDORES18DEL01,28.0,4.4,22.753839,75.897429,22.763838,75.907429,2022-03-24,08:50,09:00,Sandstorms,Low,0,Buffet,motorcycle,1.0,No,Urban,23,1.5124736191451338,10.0,8,Morning,3,0
0x24ab,CHENRES010DEL03,24.0,4.9,13.066762,80.251865,13.156762,80.341865,2022-03-06,21:35,21:40,Stormy,Jam,1,Meal,scooter,0.0,No,Metropolitian,23,13.969535082204027,5.0,21,Night,6,1
0xc287,BHPRES20DEL01,22.0,4.9,23.235123,77.398886,23.245123,77.408886,2022-02-15,08:50,09:00,Stormy,Low,1,Meal,motorcycle,1.0,No,Urban,11,1.5100837271229477,10.0,8,Morning,1,0
0xb0f4,COIMBRES01DEL01,39.0,3.6,11.016298,76.972076,11.126298,77.082076,2022-03-18,22:15,22:25,Cloudy,Low,2,Snack,motorcycle,0.0,No,Metropolitian,35,17.137660049154135,10.0,22,Night,4,0
0x90fa,MUMRES19DEL01,29.0,4.0,19.131141,72.813074,19.241141,72.923074,2022-03-27,19:15,19:30,Fog,Jam,1,Meal,motorcycle,1.0,No,Metropolitian,42,16.824331819052116,15.0,19,Evening,6,1
0x2c21,CHENRES12DEL02,39.0,4.2,12.972793,80.249982,13.052793,80.329982,2022-03-16,20:55,21:10,Cloudy,Jam,1,Snack,scooter,1.0,No,Metropolitian,49,12.419787919082209,15.0,20,Night,2,0
0xa7e7,CHENRES15DEL02,33.0,4.9,13.026286,80.275235,13.076286,80.325235,2022-03-15,22:25,22:30,Cloudy,Low,0,Drinks,motorcycle,1.0,No,Metropolitian,24,7.761779919073713,5.0,22,Night,1,0
0x4452,RANCHIRES18DEL02,38.0,4.3,23.351489,85.324253,23.401489,85.374253,2022-03-07,22:40,22:55,Sandstorms,Low,0,Buffet,motorcycle,1.0,No,Metropolitian,28,7.546876906900249,15.0,22,Night,0,0
0x5c39,MUMRES06DEL02,31.0,4.3,19.055831,72.833984,19.185831,72.963984,2022-03-27,20:25,20:40,Sandstorms,Jam,1,Snack,scooter,0.0,No,Metropolitian,35,19.88701283582688,15.0,20,Night,6,1
0x4189,MUMRES07DEL01,29.0,4.4,19.091458,72.827808,19.101458,72.837808,2022-03-30,08:35,08:40,Sandstorms,Low,0,Drinks,motorcycle,0.0,No,Metropolitian,16,1.5298767913547429,5.0,8,Morning,2,0
0xd9c1,ALHRES01DEL03,39.0,4.7,25.454648,81.834502,25.514648,81.894502,2022-02-17,20:45,20:50,Stormy,Jam,1,Drinks,motorcycle,1.0,No,Metropolitian,25,8.987911213313863,5.0,20,Night,3,0
0x7dd2,PUNERES16DEL02,20.0,4.9,18.536718,73.830327,18.666719,73.960327,2022-03-16,20:45,21:00,Windy,Jam,0,Snack,motorcycle,1.0,No,Metropolitian,25,19.916194656540203,15.0,20,Night,2,0
0xb46e,MYSRES11DEL01,21.0,5.0,12.323225,76.630028,12.333225,76.640028,2022-03-09,08:10,08:25,Sandstorms,Low,2,Snack,scooter,1.0,No,Urban,18,1.554508559519504,15.0,8,Morning,2,0
0xa3df,MYSRES010DEL02,20.0,4.5,12.321214,76.621094,12.341214,76.641094,2022-03-19,08:35,08:45,Fog,Low,2,Buffet,motorcycle,0.0,No,Metropolitian,17,3.1089998000385433,10.0,8,Morning,5,1
0x6455,INDORES04DEL01,37.0,4.3,22.753659,75.903365,22.763659,75.913365,2022-03-28,09:20,09:30,Stormy,Low,0,Drinks,motorcycle,1.0,No,Metropolitian,27,1.5125562753617192,10.0,9,Morning,0,0
0x5c21,COIMBRES09DEL03,20.0,4.9,11.008638,76.984311,11.068638,77.044311,2022-03-19,17:40,17:50,Fog,Medium,2,Drinks,electric_scooter,1.0,No,Metropolitian,19,9.348325936764454,10.0,17,Evening,5,1
0x52e9,RANCHIRES04DEL01,26.0,4.8,23.359033,85.325347,23.429033,85.395347,2022-03-27,17:40,17:45,Windy,Medium,0,Drinks,motorcycle,2.0,No,Metropolitian,39,10.564987742503256,5.0,17,Evening,6,1
0x7fcf,HYDRES12DEL03,33.0,4.8,17.429585,78.392621,17.519585,78.482621,2022-03-12,17:50,18:05,Cloudy,Medium,2,Buffet,scooter,0.0,No,Metropolitian,37,13.830084721845328,15.0,17,Evening,5,1
0x2609,JAPRES04DEL03,39.0,4.6,26.902328,75.794257,27.042328,75.934257,2022-03-04,17:40,17:45,Fog,Medium,0,Buffet,motorcycle,1.0,No,Metropolitian,42,20.852513503426962,5.0,17,Evening,4,0
0x44df,PUNERES03DEL02,37.0,4.5,18.554382,73.798206,18.684382,73.928206,2022-04-04,21:35,21:40,Sunny,Jam,1,Drinks,scooter,1.0,No,Urban,15,19.915135664660593,5.0,21,Night,0,0
0x8af8,PUNERES16DEL03,27.0,4.8,18.536718,73.830327,18.626718,73.920327,2022-03-06,18:15,18:20,Cloudy,Medium,0,Meal,motorcycle,1.0,No,Urban,41,13.7888461168452,5.0,18,Evening,6,1
0xca11,LUDHRES11DEL02,24.0,4.8,30.893081,75.821495,30.973081,75.901495,2022-02-16,19:50,19:55,Cloudy,Jam,1,Buffet,scooter,1.0,Yes,Metropolitian,43,11.71980974006041,5.0,19,Evening,2,0
0x64bb,VADRES19DEL02,28.0,5.0,22.311844,73.165081,22.331844,73.185081,2022-03-05,10:15,10:25,Windy,Low,2,Meal,electric_scooter,1.0,No,Metropolitian,10,3.0295222215900934,10.0,10,Morning,5,1
0x6d3,PUNERES15DEL01,25.0,4.7,18.636215,73.751081,18.706215,73.821081,2022-03-06,21:30,21:35,Windy,Jam,0,Meal,motorcycle,2.0,No,Metropolitian,38,10.721987300671117,5.0,21,Night,6,1
0x89bf,HYDRES08DEL01,32.0,3.5,17.438263,78.397865,17.548263,78.507865,2022-03-10,22:15,22:25,Cloudy,Low,1,Drinks,motorcycle,1.0,No,Metropolitian,32,16.902609492881677,10.0,22,Night,3,0
0xad89,HYDRES11DEL01,23.0,3.6,17.430448,78.418213,17.470448,78.458213,2022-03-07,14:40,14:45,Sunny,High,0,Drinks,motorcycle,1.0,No,Metropolitian,54,6.147092755626801,5.0,14,Afternoon,0,0
0xd222,KNPRES03DEL03,39.0,4.6,26.469003,80.316344,26.559003,80.406344,2022-02-16,17:45,17:50,Cloudy,Medium,2,Snack,scooter,1.0,No,Metropolitian,30,13.429183489869182,5.0,17,Evening,2,0
0x9f30,PUNERES15DEL03,29.0,5.0,18.636215,73.751081,18.666215,73.781081,2022-03-11,19:55,20:05,Cloudy,Jam,2,Drinks,electric_scooter,1.0,No,Metropolitian,33,4.595393825646015,10.0,19,Evening,4,0
0x33ef,COIMBRES010DEL03,36.0,4.6,11.003008,76.97544,11.063009,77.03544,2022-03-11,19:50,20:05,Sandstorms,Jam,0,Snack,motorcycle,1.0,Yes,Metropolitian,44,9.348493190107364,15.0,19,Evening,4,0
0x6fae,INDORES17DEL03,25.0,4.8,22.761226,75.887522,22.791226,75.917522,2022-04-03,21:55,22:10,Windy,Jam,2,Drinks,scooter,1.0,No,Metropolitian,26,4.537400479091801,15.0,21,Night,6,1
0x170c,COIMBRES010DEL03,27.0,2.9,11.003008,76.97544,11.093008,77.06544,2022-03-04,22:25,22:30,Sunny,Low,2,Drinks,motorcycle,2.0,Yes,Metropolitian,42,14.022268860182423,5.0,22,Night,4,0
0x1246,BANGRES14DEL01,24.0,4.9,12.949934,77.699386,13.019934,77.769386,2022-03-04,17:55,18:10,Windy,Medium,0,Snack,motorcycle,1.0,No,Urban,23,10.867908640310418,15.0,17,Evening,4,0
0x24ce,INDORES19DEL02,23.0,4.6,22.745536,75.893106,22.825536,75.973106,2022-03-14,20:25,20:40,Fog,Jam,0,Meal,motorcycle,1.0,No,Metropolitian,46,12.099354574706966,15.0,20,Night,0,0
0xa55d,BANGRES19DEL01,36.0,4.6,12.914264,77.6784,12.954264,77.7184,2022-03-13,14:45,14:55,Windy,High,2,Buffet,motorcycle,1.0,No,Metropolitian,26,6.210849324534313,10.0,14,Afternoon,6,1
0x7cc4,MYSRES08DEL03,33.0,4.1,12.297954,76.665169,12.387954,76.755169,2022-03-23,18:30,18:40,Stormy,Medium,2,Meal,scooter,1.0,No,Metropolitian,39,13.990192142064847,10.0,18,Evening,2,0
0x1a96,JAPRES09DEL03,32.0,4.6,26.911378,75.789034,27.051378,75.929034,2022-03-25,20:25,20:35,Sandstorms,Jam,1,Snack,scooter,1.0,No,Metropolitian,25,20.851771383105145,10.0,20,Night,4,0
0x8f0e,COIMBRES01DEL02,21.0,4.6,11.016298,76.972076,11.146298,77.102076,2022-03-04,23:45,00:00,Windy,Low,1,Meal,scooter,1.0,No,Metropolitian,18,20.253258047708663,15.0,23,Night,4,0
0x35d6,VADRES03DEL03,35.0,4.6,22.32,73.17,22.38,73.23,2022-03-05,22:40,22:55,Sandstorms,Low,1,Buffet,motorcycle,0.0,No,Metropolitian,28,9.087720328091445,15.0,22,Night,5,1
0xcebc,DEHRES04DEL01,35.0,4.2,30.340722,78.060221,30.410722,78.130221,2022-02-16,23:55,00:05,Cloudy,Low,0,Snack,motorcycle,2.0,No,Metropolitian,37,10.280009835772024,10.0,23,Night,2,0
0x162d,COIMBRES19DEL01,39.0,5.0,11.022298,76.998349,11.132298,77.108349,2022-03-16,21:20,21:25,Cloudy,Jam,1,Buffet,motorcycle,1.0,No,Metropolitian,44,17.137487720369517,5.0,21,Night,2,0
0x1ed1,JAPRES18DEL01,30.0,4.7,26.913987,75.752891,27.023987,75.862891,2022-03-27,20:35,20:45,Cloudy,Jam,2,Snack,scooter,0.0,No,Metropolitian,48,16.384334344092046,10.0,20,Night,6,1
0xc282,BHPRES13DEL03,39.0,4.3,23.230791,77.43702,23.290791,77.49702,2022-02-15,21:45,22:00,Stormy,Jam,1,Meal,motorcycle,0.0,No,Metropolitian,34,9.059859285712854,15.0,21,Night,1,0
0xb9ac,VADRES01DEL03,31.0,4.7,22.307898,73.167788,22.337898,73.197788,2022-03-26,22:30,22:45,Windy,Low,1,Meal,motorcycle,1.0,No,Metropolitian,25,4.544267482984226,15.0,22,Night,5,1
0xb411,CHENRES11DEL02,30.0,3.9,13.064181,80.236442,13.194181,80.366442,2022-03-06,18:45,19:00,Stormy,Medium,1,Meal,scooter,1.0,No,Metropolitian,34,20.177519993018656,15.0,18,Evening,6,1
0x6025,MUMRES16DEL01,23.0,4.8,19.120083,72.907385,19.130083,72.917385,2022-04-03,09:30,09:35,Fog,Low,0,Meal,motorcycle,1.0,No,Metropolitian,16,1.529751878579505,5.0,9,Morning,6,1
0xb89a,JAPRES12DEL01,26.0,4.5,26.902908,75.792934,27.012908,75.902934,2022-03-10,23:10,23:15,Cloudy,Low,2,Drinks,electric_scooter,0.0,No,Unknown,20,16.385047886584577,5.0,23,Night,3,0
0xc9c0,AURGRES04DEL02,29.0,4.4,19.876106,75.340775,19.956106,75.420775,2022-02-18,21:45,22:00,Cloudy,Jam,2,Buffet,scooter,1.0,No,Unknown,36,12.20986822612317,15.0,21,Night,4,0
0x3d62,RANCHIRES08DEL01,26.0,4.9,23.353783,85.326967,23.363783,85.336967,2022-03-24,11:55,12:10,Stormy,High,2,Buffet,electric_scooter,1.0,No,Metropolitian,16,1.509467584367178,15.0,11,Afternoon,3,0
0x74f4,SURRES16DEL01,20.0,4.9,21.160437,72.774209,21.170437,72.784209,2022-04-05,11:15,11:30,Stormy,High,2,Snack,motorcycle,0.0,No,Metropolitian,18,1.5204190072774333,15.0,11,Afternoon,1,0
0x77a1,RANCHIRES20DEL01,28.0,4.8,23.39925,85.390464,23.46925,85.460464,2022-03-04,18:00,18:10,Windy,Medium,2,Buffet,scooter,0.0,No,Urban,21,10.563519849475314,10.0,18,Evening,4,0
0x714e,BANGRES06DEL02,34.0,4.0,12.979096,77.640625,12.999096,77.660625,2022-03-19,09:40,09:50,Stormy,Low,0,Drinks,motorcycle,1.0,No,Urban,30,3.105091522701049,10.0,9,Morning,5,1
0xc59a,LUDHRES12DEL03,26.0,4.6,30.893244,75.821817,30.983244,75.911817,2022-02-14,17:35,17:45,Sunny,Medium,0,Meal,motorcycle,1.0,No,Metropolitian,29,13.184483852766967,10.0,17,Evening,0,0
0xdad1,ALHRES17DEL01,38.0,4.7,25.45235,81.841889,25.46235,81.851889,2022-02-11,08:45,09:00,Sunny,Low,0,Snack,motorcycle,0.0,No,Metropolitian,27,1.4981379318478807,15.0,8,Morning,4,0
0x740b,CHENRES14DEL02,33.0,4.5,13.026279,80.174568,13.156279,80.304568,2022-03-14,20:35,20:40,Sunny,Jam,2,Drinks,scooter,0.0,No,Unknown,19,20.17903332454877,5.0,20,Night,0,0
0x10f5,HYDRES06DEL01,34.0,4.8,17.455894,78.375467,17.495894,78.415467,2022-03-30,13:45,13:50,Cloudy,High,0,Snack,motorcycle,1.0,No,Metropolitian,27,6.146683594473334,5.0,13,Afternoon,2,0
0x5f15,BANGRES17DEL02,35.0,4.4,12.972532,77.608179,13.102532,77.738179,2022-03-23,20:20,20:25,Sandstorms,Jam,2,Snack,scooter,3.0,No,Metropolitian,43,20.181172140809302,5.0,20,Night,2,0
0x950d,BANGRES07DEL02,32.0,4.6,12.978453,77.643685,13.058453,77.723685,2022-04-06,22:10,22:25,Sandstorms,Low,1,Snack,motorcycle,0.0,No,Urban,23,12.419649807727563,15.0,22,Night,2,0
0x3ce9,JAPRES04DEL02,26.0,4.8,26.902328,75.794257,26.922328,75.814257,2022-03-07,11:20,11:25,Windy,High,2,Meal,electric_scooter,1.0,No,Metropolitian,12,2.9796333006391293,5.0,11,Afternoon,0,0
0x4a60,SURRES11DEL01,21.0,4.7,21.157735,72.768778,21.227735,72.838778,2022-04-02,19:25,19:35,Sandstorms,Jam,0,Buffet,motorcycle,1.0,No,Metropolitian,27,10.642018863256986,10.0,19,Evening,5,1
0x5222,RANCHIRES16DEL02,20.0,4.3,23.371292,85.327872,23.501292,85.457872,2022-03-04,21:10,21:20,Fog,Jam,2,Drinks,scooter,0.0,No,Metropolitian,41,19.617824561450774,10.0,21,Night,4,0
0x3b5a,JAPRES08DEL01,27.0,4.6,26.910262,75.783013,26.920262,75.793013,2022-03-01,09:45,09:55,Fog,Low,1,Drinks,scooter,0.0,No,Metropolitian,13,1.4897995018082963,10.0,9,Morning,1,0
0x3fb6,SURRES18DEL03,24.0,4.9,21.149834,72.778666,21.209834,72.838666,2022-03-05,21:20,21:25,Fog,Jam,2,Snack,motorcycle,0.0,No,Metropolitian,32,9.122100805601145,5.0,21,Night,5,1
0xb6e5,PUNERES04DEL01,39.0,3.8,18.51421,73.838429,18.58421,73.908429,2022-03-12,20:55,21:10,Sandstorms,Jam,1,Meal,scooter,1.0,No,Urban,42,10.72562572441868,15.0,20,Night,5,1
0x2510,INDORES09DEL01,23.0,4.7,22.725835,75.887648,22.835835,75.997648,2022-03-27,23:20,23:25,Stormy,Low,2,Meal,electric_scooter,1.0,No,Urban,16,16.636875038860897,5.0,23,Night,6,1
0xa6a6,COIMBRES16DEL01,23.0,4.8,11.010375,76.95295,11.020375,76.96295,2022-03-21,08:10,08:15,Fog,Low,0,Drinks,motorcycle,1.0,No,Metropolitian,15,1.558114851289754,5.0,8,Morning,0,0
0x7491,BANGRES14DEL03,39.0,4.3,12.949934,77.699386,12.979934,77.729386,2022-03-07,21:45,22:00,Cloudy,Jam,1,Drinks,scooter,0.0,No,Metropolitian,38,4.657857733630665,15.0,21,Night,0,0
0x27a0,HYDRES05DEL03,35.0,5.0,17.433809,78.386744,17.523809,78.476744,2022-03-14,20:25,20:30,Stormy,Jam,0,Meal,motorcycle,1.0,Yes,Metropolitian,44,13.829931792649827,5.0,20,Night,0,0
0x1533,MUMRES06DEL02,32.0,4.8,19.055831,72.833984,19.105831,72.883984,2022-03-26,17:50,18:00,Windy,Medium,1,Snack,motorcycle,1.0,No,Metropolitian,30,7.649724402449684,10.0,17,Evening,5,1
0xd457,AGRRES14DEL03,35.0,4.1,27.16185,78.040165,27.30185,78.180165,2022-02-12,22:40,22:50,Cloudy,Low,0,Snack,motorcycle,1.0,No,Metropolitian,35,20.83115412650988,10.0,22,Night,5,1
0x3184,RANCHIRES09DEL01,36.0,4.3,23.351058,85.325731,23.391058,85.365731,2022-03-05,16:55,17:05,Sandstorms,Medium,0,Buffet,motorcycle,2.0,No,Metropolitian,37,6.037614687084906,10.0,16,Evening,5,1
0x2d70,SURRES02DEL02,34.0,4.9,21.186608,72.794136,21.206608,72.814136,2022-04-01,10:25,10:40,Sunny,Low,1,Snack,scooter,0.0,No,Urban,19,3.040539883060508,15.0,10,Morning,4,0
0xa1f0,BANGRES11DEL01,30.0,4.5,12.934365,77.616155,12.974365,77.656155,2022-03-24,15:35,15:50,Sunny,Medium,0,Meal,motorcycle,1.0,No,Urban,20,6.210605364096597,15.0,15,Evening,3,0
0x7b98,MYSRES03DEL03,38.0,4.3,12.299524,76.64262,12.359524,76.70262,2022-03-28,19:50,20:05,Sandstorms,Jam,0,Buffet,motorcycle,3.0,No,Metropolitian,47,9.327028546829316,15.0,19,Evening,0,0
0x677a,JAPRES15DEL01,39.0,4.9,26.891191,75.802083,26.901191,75.812083,2022-03-26,11:45,12:00,Cloudy,High,1,Drinks,scooter,1.0,No,Metropolitian,32,1.4899109729390851,15.0,11,Afternoon,5,1
0x6626,RANCHIRES11DEL03,36.0,4.4,23.359194,85.325447,23.449194,85.415447,2022-04-06,17:20,17:30,Fog,Medium,2,Buffet,motorcycle,1.0,No,Metropolitian,41,13.583078662317007,10.0,17,Evening,2,0
0x5dd8,JAPRES04DEL03,33.0,3.7,26.902328,75.794257,27.042328,75.934257,2022-03-16,17:55,18:10,Windy,Medium,1,Snack,motorcycle,2.0,No,Metropolitian,35,20.852513503426962,15.0,17,Evening,2,0
0x7ae3,COIMBRES12DEL02,39.0,4.9,11.000762,76.981876,11.020762,77.001876,2022-03-28,08:10,08:25,Sandstorms,Low,2,Drinks,motorcycle,1.0,No,Metropolitian,21,3.116253656338934,15.0,8,Morning,0,0
0x12f1,COIMBRES01DEL03,29.0,4.6,11.016298,76.972076,11.046298,77.002076,2022-04-03,17:35,17:40,Sandstorms,Medium,0,Drinks,motorcycle,1.0,No,Metropolitian,26,4.674220356187267,5.0,17,Evening,6,1
0x7d81,SURRES18DEL02,27.0,4.6,21.149834,72.778666,21.169834,72.798666,2022-03-21,11:10,11:15,Sandstorms,High,0,Meal,motorcycle,1.0,No,Urban,17,3.040891552951612,5.0,11,Afternoon,0,0
0x5a10,MUMRES18DEL03,25.0,4.0,19.1093,72.825451,19.1693,72.885451,2022-03-19,20:50,20:55,Fog,Jam,2,Meal,scooter,1.0,No,Metropolitian,33,9.17813837505589,5.0,20,Night,5,1
0x3892,INDORES13DEL03,32.0,4.2,22.745049,75.892471,22.775049,75.922471,2022-03-24,19:20,19:30,Fog,Jam,1,Meal,scooter,0.0,No,Metropolitian,32,4.537647566708254,10.0,19,Evening,3,0
0x5c50,PUNERES02DEL02,25.0,4.7,18.55144,73.804855,18.60144,73.854855,2022-03-05,20:15,20:20,Stormy,Jam,2,Snack,scooter,0.0,No,Urban,16,7.660582694185052,5.0,20,Night,5,1
0x5288,MYSRES18DEL02,20.0,4.4,12.337928,76.617889,12.357928,76.637889,2022-03-28,08:55,09:05,Windy,Low,0,Buffet,motorcycle,1.0,No,Metropolitian,24,3.1089029191679383,10.0,8,Morning,0,0
0xaaf8,SURRES06DEL02,26.0,5.0,21.185047,72.80859,21.235047,72.85859,2022-03-09,19:35,19:45,Windy,Jam,0,Meal,motorcycle,0.0,No,Metropolitian,31,7.601027931404884,10.0,19,Evening,2,0
0xded6,KOLRES19DEL01,31.0,4.5,22.5491,88.400467,22.6591,88.510467,2022-02-12,21:45,22:00,Sandstorms,Jam,2,Buffet,motorcycle,1.0,No,Metropolitian,39,16.646744821981173,15.0,21,Night,5,1
0x8983,MYSRES11DEL03,20.0,5.0,12.323225,76.630028,12.383225,76.690028,2022-03-01,22:35,22:45,Fog,Low,2,Snack,scooter,1.0,No,Unknown,10,9.326616348118742,10.0,22,Night,1,0
0x5326,CHENRES12DEL02,28.0,4.8,12.972793,80.249982,13.022793,80.299982,2022-03-17,20:20,20:35,Windy,Jam,2,Snack,scooter,1.0,No,Metropolitian,14,7.762596264580148,15.0,20,Night,3,0
0xbc55,JAPRES11DEL02,33.0,4.3,26.90294,75.793007,26.98294,75.873007,2022-03-08,23:30,23:45,Cloudy,Low,1,Drinks,motorcycle,1.0,No,Urban,34,11.917100051488791,15.0,23,Night,1,0
0x9957,PUNERES06DEL03,33.0,4.2,18.546258,73.904337,18.606258,73.964337,2022-04-01,20:45,20:50,Cloudy,Jam,2,Drinks,motorcycle,1.0,No,Metropolitian,31,9.192703790075944,5.0,20,Night,4,0
0x2a7c,PUNERES14DEL02,22.0,4.9,18.516216,73.842527,18.536216,73.862527,2022-03-21,09:25,09:40,Fog,Low,1,Snack,motorcycle,0.0,No,Metropolitian,14,3.0646598407974865,15.0,9,Morning,0,0
0x8ae7,BANGRES03DEL01,24.0,4.7,12.979166,77.640709,12.989166,77.650709,2022-03-05,10:25,10:30,Sunny,Low,1,Buffet,motorcycle,1.0,No,Metropolitian,22,1.5525607701091517,5.0,10,Morning,5,1
0x36a1,RANCHIRES05DEL03,37.0,4.5,23.355164,85.324097,23.445164,85.414097,2022-03-12,18:40,18:55,Sunny,Medium,2,Snack,electric_scooter,1.0,No,Metropolitian,17,13.583267699065033,15.0,18,Evening,5,1
0xc1d1,ALHRES05DEL02,34.0,4.6,25.457687,81.835585,25.477687,81.855585,2022-02-15,08:15,08:25,Fog,Low,0,Drinks,motorcycle,1.0,No,Metropolitian,28,2.9961602588172505,10.0,8,Morning,1,0
0x4bdd,JAPRES18DEL03,36.0,4.8,26.913987,75.752891,27.053987,75.892891,2022-04-02,22:20,22:35,Sandstorms,Low,2,Buffet,scooter,1.0,No,Metropolitian,20,20.851557402660557,15.0,22,Night,5,1
0x4b44,MYSRES11DEL03,24.0,4.8,12.323225,76.630028,12.353225,76.660028,2022-03-24,20:10,20:20,Fog,Jam,1,Meal,scooter,1.0,No,Metropolitian,34,4.663438748149055,10.0,20,Night,3,0
0xc2cc,LUDHRES06DEL01,24.0,4.9,30.895204,75.822103,30.965204,75.892103,2022-02-12,19:30,19:40,Stormy,Jam,2,Drinks,scooter,0.0,No,Urban,26,10.254964515316598,10.0,19,Evening,5,1
0x9bd8,MUMRES20DEL01,33.0,4.6,19.103249,72.846749,19.143249,72.886749,2022-04-05,13:50,14:00,Stormy,High,2,Drinks,motorcycle,1.0,No,Urban,26,6.1190394664699514,10.0,13,Afternoon,1,0
0xa1c7,RANCHIRES19DEL03,24.0,5.0,23.333017,85.3172,23.423017,85.4072,2022-04-06,19:10,19:25,Sandstorms,Jam,2,Buffet,motorcycle,1.0,No,Metropolitian,29,13.584306064167167,15.0,19,Evening,2,0
0x7c84,JAPRES04DEL03,35.0,4.9,26.902328,75.794257,26.932328,75.824257,2022-03-26,18:35,18:40,Fog,Medium,2,Meal,electric_scooter,0.0,No,Metropolitian,18,4.469362226704516,5.0,18,Evening,5,1
0x2392,PUNERES18DEL01,23.0,4.4,18.593481,73.785901,18.663481,73.855901,2022-03-16,18:00,18:10,Fog,Medium,1,Drinks,motorcycle,1.0,No,Urban,36,10.723264172167632,10.0,18,Evening,2,0
0xc777,KOCRES010DEL01,25.0,4.8,10.035573,76.336958,10.045573,76.346958,2022-02-11,10:15,10:25,Cloudy,Low,2,Drinks,motorcycle,1.0,No,Urban,19,1.5605381560433635,10.0,10,Morning,4,0
0x864c,MUMRES14DEL01,35.0,4.7,19.1813,72.836191,19.2513,72.906191,2022-04-02,18:15,18:25,Sunny,Medium,2,Drinks,scooter,0.0,No,Metropolitian,18,10.705468478530609,10.0,18,Evening,5,1
0x6f3b,RANCHIRES15DEL01,28.0,4.9,23.369746,85.33982,23.409746,85.37982,2022-03-17,16:00,16:05,Sandstorms,Medium,0,Meal,motorcycle,0.0,No,Metropolitian,11,6.037225392443855,5.0,16,Evening,3,0
0xccbd,GOARES02DEL03,36.0,4.8,15.585658,73.743606,15.645658,73.803606,2022-02-13,17:25,17:30,Windy,Medium,1,Drinks,scooter,1.0,No,Metropolitian,32,9.262707846965009,5.0,17,Evening,6,1
0x9bf6,MUMRES03DEL02,31.0,4.5,19.22384,72.841347,19.30384,72.921347,2022-03-20,18:50,19:05,Sandstorms,Medium,2,Drinks,electric_scooter,1.0,No,Metropolitian,28,12.233151216488597,15.0,18,Evening,6,1
0x9317,MYSRES19DEL01,25.0,4.9,12.334022,76.618203,12.374022,76.658203,2022-04-03,12:55,13:00,Windy,High,1,Drinks,motorcycle,0.0,No,Urban,15,6.217735074214348,5.0,12,Afternoon,6,1
0x311d,JAPRES13DEL01,24.0,4.6,26.846156,75.8023,26.956156,75.9123,2022-03-10,22:45,23:00,Windy,Low,1,Snack,scooter,1.0,No,Metropolitian,18,16.388699354723066,15.0,22,Night,3,0
0x669e,HYDRES01DEL01,20.0,4.9,17.410371,78.437225,17.480371,78.507225,2022-03-31,17:45,18:00,Windy,Medium,2,Meal,electric_scooter,1.0,No,Metropolitian,19,10.75755477315807,15.0,17,Evening,3,0
0x5583,MUMRES08DEL01,23.0,4.3,19.065838,72.832658,19.135838,72.902658,2022-03-10,17:25,17:40,Fog,Medium,2,Snack,motorcycle,0.0,No,Metropolitian,31,10.709003371535417,15.0,17,Evening,3,0
0x9a15,VADRES14DEL02,36.0,4.6,22.311603,73.165012,22.331603,73.185012,2022-03-28,08:55,09:10,Sunny,Low,0,Meal,motorcycle,1.0,No,Urban,21,3.0295246341921644,15.0,8,Morning,0,0
0xd0eb,ALHRES01DEL02,30.0,4.7,25.454648,81.834502,25.504648,81.884502,2022-02-13,17:10,17:15,Windy,Medium,1,Drinks,motorcycle,0.0,No,Metropolitian,34,7.490065970202631,5.0,17,Evening,6,1
0x7c29,BANGRES01DEL02,34.0,4.7,12.933284,77.615428,13.013284,77.695428,2022-03-20,20:40,20:45,Windy,Jam,0,Buffet,motorcycle,1.0,No,Urban,50,12.420750390870612,5.0,20,Night,6,1
0x78cd,VADRES19DEL03,30.0,5.0,22.311844,73.165081,22.341844,73.195081,2022-04-03,19:10,19:20,Sunny,Jam,0,Meal,motorcycle,1.0,No,Urban,21,4.544208221887867,10.0,19,Evening,6,1
0xb84d,HYDRES11DEL01,22.0,4.8,17.430448,78.418213,17.500448,78.488213,2022-03-29,18:35,18:50,Windy,Medium,2,Meal,scooter,1.0,No,Metropolitian,26,10.756990051436132,15.0,18,Evening,1,0
0xb392,MYSRES03DEL02,32.0,4.5,12.299524,76.64262,12.429524,76.77262,2022-03-10,23:10,23:25,Stormy,Low,1,Buffet,scooter,1.0,No,Metropolitian,25,20.20724042537554,15.0,23,Night,3,0
0xceaf,DEHRES08DEL03,35.0,4.9,30.359722,78.067079,30.419722,78.127079,2022-02-11,23:15,23:25,Sunny,Low,2,Meal,motorcycle,0.0,No,Urban,10,8.81089857231614,10.0,23,Night,4,0
0xbb5a,MYSRES03DEL02,31.0,4.5,12.299524,76.64262,12.379524,76.72262,2022-03-10,20:20,20:25,Sandstorms,Jam,2,Drinks,scooter,1.0,No,Metropolitian,38,12.435806041180756,5.0,20,Night,3,0
0x493f,MYSRES18DEL01,27.0,4.7,12.337928,76.617889,12.407928,76.687889,2022-04-02,22:00,22:05,Cloudy,Jam,0,Drinks,motorcycle,0.0,No,Metropolitian,41,10.880651848535559,5.0,22,Night,5,1
0x5517,MYSRES02DEL01,24.0,4.8,12.304569,76.643622,12.344569,76.683622,2022-03-24,12:55,13:05,Sandstorms,High,2,Buffet,scooter,1.0,No,Metropolitian,20,6.218076509100711,10.0,12,Afternoon,3,0
0x5f48,MYSRES17DEL02,38.0,4.7,12.326356,76.619103,12.456356,76.749103,2022-03-23,18:20,18:30,Stormy,Medium,1,Meal,motorcycle,1.0,No,Urban,26,20.206226468830582,10.0,18,Evening,2,0
0x23a2,MUMRES07DEL02,30.0,4.4,19.091458,72.827808,19.221458,72.957808,2022-03-12,18:30,18:35,Cloudy,Medium,2,Snack,scooter,2.0,No,Urban,40,19.884989093916975,5.0,18,Evening,5,1
0xf8f,SURRES17DEL03,20.0,4.7,21.149569,72.772697,21.179569,72.802697,2022-03-13,18:00,18:15,Sandstorms,Medium,2,Meal,motorcycle,1.0,No,Urban,24,4.561269432005461,15.0,18,Evening,6,1
0x9a37,INDORES010DEL02,30.0,3.9,22.75004,75.902847,22.83004,75.982847,2022-03-10,17:30,17:45,Stormy,Medium,2,Snack,scooter,1.0,No,Metropolitian,33,12.09917098801042,15.0,17,Evening,3,0
0x6e90,SURRES01DEL02,27.0,4.5,21.186438,72.794115,21.236438,72.844115,2022-03-15,21:45,22:00,Fog,Jam,1,Meal,scooter,0.0,No,Urban,26,7.600994631258685,15.0,21,Night,1,0
0x84ca,HYDRES06DEL03,32.0,4.7,17.455894,78.375467,17.545894,78.465467,2022-04-06,19:20,19:30,Cloudy,Jam,0,Meal,motorcycle,1.0,No,Metropolitian,50,13.82913165629175,10.0,19,Evening,2,0
0x6de5,RANCHIRES16DEL03,37.0,4.5,23.371292,85.327872,23.461292,85.417872,2022-04-06,20:25,20:30,Stormy,Jam,1,Meal,scooter,0.0,No,Urban,30,13.582511011042971,5.0,20,Night,2,0
0xc7bc,LUDHRES03DEL03,38.0,4.7,30.88722,75.804893,31.02722,75.944893,2022-02-16,22:10,22:15,Fog,Low,0,Buffet,motorcycle,1.0,No,Metropolitian,43,20.507468052337437,5.0,22,Night,2,0
0x957d,PUNERES19DEL01,39.0,4.7,18.563934,73.915367,18.673935,74.025367,2022-03-04,20:30,20:40,Fog,Jam,0,Buffet,motorcycle,1.0,No,Metropolitian,42,16.851371030914212,10.0,20,Night,4,0
0xcdf8,BHPRES20DEL03,20.0,4.9,23.235123,77.398886,23.295123,77.458886,2022-02-11,19:55,20:05,Stormy,Jam,1,Drinks,scooter,0.0,No,Metropolitian,10,9.059724501609752,10.0,19,Evening,4,0
0x6712,CHENRES02DEL01,33.0,4.8,13.086438,80.220672,13.156439,80.290672,2022-04-04,23:55,00:10,Sandstorms,Low,0,Meal,motorcycle,1.0,No,Metropolitian,24,10.865065738215941,15.0,23,Night,0,0
0xb207,CHENRES07DEL02,20.0,4.9,13.081878,80.248519,13.211878,80.378519,2022-03-25,19:35,19:45,Fog,Jam,0,Meal,motorcycle,1.0,No,Metropolitian,49,20.176811965426133,10.0,19,Evening,4,0
0x2e89,MUMRES11DEL01,23.0,3.5,18.994237,72.825553,19.104237,72.935553,2022-03-10,23:40,23:45,Sunny,Low,2,Drinks,scooter,1.0,No,Metropolitian,41,16.830905551931956,5.0,23,Night,3,0
0xc41a,DEHRES010DEL02,22.0,4.6,30.328174,78.049117,30.348174,78.069117,2022-02-15,10:25,10:35,Fog,Low,2,Drinks,motorcycle,1.0,No,Urban,10,2.9376270171445986,10.0,10,Morning,1,0
0xa7a4,SURRES04DEL03,34.0,4.8,21.173493,72.801953,21.233493,72.861953,2022-04-01,19:45,20:00,Cloudy,Jam,0,Drinks,motorcycle,1.0,No,Metropolitian,27,9.121421674135904,15.0,19,Evening,4,0
0x48ba,JAPRES12DEL02,24.0,4.3,26.902908,75.792934,26.922908,75.812934,2022-03-17,10:40,10:45,Windy,Low,0,Buffet,motorcycle,0.0,No,Unknown,25,2.9796265189931233,5.0,10,Morning,3,0
0x4b5d,INDORES13DEL01,32.0,4.7,22.745049,75.892471,22.755049,75.902471,2022-03-11,09:25,09:35,Stormy,Low,2,Drinks,electric_scooter,1.0,No,Metropolitian,21,1.5126000890232916,10.0,9,Morning,4,0
0x7402,PUNERES01DEL01,28.0,4.3,18.569156,73.774723,18.679156,73.884723,2022-03-16,17:40,17:55,Cloudy,Medium,1,Drinks,motorcycle,1.0,No,Metropolitian,32,16.851045489710874,15.0,17,Evening,2,0
0xcbb3,BHPRES17DEL01,31.0,4.9,23.218998,77.373573,23.228998,77.383573,2022-02-15,08:45,09:00,Sandstorms,Low,2,Snack,motorcycle,0.0,No,Metropolitian,28,1.5101672504865264,15.0,8,Morning,1,0
0x7b8f,MYSRES07DEL01,37.0,4.6,12.325461,76.632278,12.365461,76.672278,2022-03-09,12:55,13:00,Stormy,High,0,Drinks,motorcycle,2.0,Yes,Metropolitian,49,6.217834398578936,5.0,12,Afternoon,2,0
0x31e6,HYDRES01DEL02,29.0,4.5,17.410371,78.437225,17.460371,78.487225,2022-03-30,23:15,23:30,Sunny,Low,0,Snack,motorcycle,1.0,No,Urban,11,7.684168603439756,15.0,23,Night,2,0
0xf11,BANGRES08DEL02,20.0,4.6,12.906229,77.596791,12.956229,77.646791,2022-03-01,19:15,19:20,Stormy,Jam,2,Drinks,motorcycle,1.0,No,Metropolitian,18,7.763607607839511,5.0,19,Evening,1,0
0xc0f7,LUDHRES19DEL01,24.0,4.7,30.902872,75.826808,30.972872,75.896808,2022-02-12,22:35,22:45,Cloudy,Low,1,Meal,motorcycle,1.0,No,Urban,20,10.254615880615221,10.0,22,Night,5,1
0x9dbf,SURRES06DEL03,37.0,4.9,21.185047,72.80859,21.245047,72.86859,2022-03-21,21:40,21:45,Cloudy,Jam,1,Buffet,motorcycle,1.0,No,Metropolitian,33,9.12108977493757,5.0,21,Night,0,0
0xaa93,CHENRES01DEL03,38.0,4.9,13.005801,80.250744,13.035801,80.280744,2022-03-30,18:25,18:35,Sunny,Medium,1,Snack,scooter,0.0,No,Urban,22,4.65734737800111,10.0,18,Evening,2,0
0x24d8,SURRES19DEL01,25.0,4.5,21.149669,72.772629,21.219669,72.842629,2022-03-06,23:10,23:20,Cloudy,Low,1,Drinks,motorcycle,1.0,No,Metropolitian,26,10.64228895373868,10.0,23,Night,6,1
0x1571,HYDRES07DEL02,21.0,4.9,17.424114,78.347554,17.474114,78.397554,2022-03-05,21:00,21:05,Sandstorms,Jam,2,Buffet,electric_scooter,1.0,No,Metropolitian,29,7.683892680377775,5.0,21,Night,5,1
0x974a,INDORES20DEL01,26.0,4.7,22.732225,75.874765,22.842225,75.984765,2022-03-31,20:25,20:40,Cloudy,Jam,0,Meal,motorcycle,1.0,Yes,Metropolitian,45,16.63651695459671,15.0,20,Night,3,0
0xbcb2,CHENRES17DEL01,32.0,4.6,13.045479,80.23311,13.085479,80.27311,2022-03-15,16:55,17:00,Stormy,Medium,0,Snack,motorcycle,1.0,No,Metropolitian,33,6.209250269756872,5.0,16,Evening,1,0
0xf21,COIMBRES20DEL01,34.0,4.4,10.994136,76.963303,11.034136,77.003303,2022-03-13,14:35,14:40,Stormy,High,2,Buffet,scooter,1.0,No,Metropolitian,32,6.232472211118879,5.0,14,Afternoon,6,1
0x886e,JAPRES01DEL02,23.0,4.2,26.90519,75.810753,27.03519,75.940753,2022-03-25,19:30,19:45,Sandstorms,Jam,0,Snack,motorcycle,1.0,No,Metropolitian,39,19.36321160672078,15.0,19,Evening,4,0
0xbc2f,CHENRES17DEL02,21.0,4.8,13.045479,80.23311,13.125479,80.31311,2022-03-20,18:20,18:30,Sunny,Medium,2,Meal,scooter,1.0,No,Urban,13,12.418009922382469,10.0,18,Evening,6,1
0x229b,CHENRES01DEL01,38.0,3.6,13.005801,80.250744,13.075801,80.320744,2022-03-25,20:40,20:50,Windy,Jam,1,Buffet,motorcycle,1.0,No,Metropolitian,39,10.86671605798691,10.0,20,Night,4,0
0x3e74,HYDRES02DEL02,27.0,4.9,17.41233,78.449654,17.46233,78.499654,2022-03-28,22:30,22:35,Sandstorms,Low,2,Meal,scooter,0.0,No,Unknown,13,7.684129284114673,5.0,22,Night,0,0
0x3a49,MUMRES07DEL02,35.0,4.7,19.091458,72.827808,19.111458,72.847808,2022-03-24,11:15,11:30,Stormy,High,1,Buffet,motorcycle,1.0,No,Metropolitian,30,3.0597099613184353,15.0,11,Afternoon,3,0
0x214b,INDORES12DEL02,32.0,4.6,22.74806,75.8934,22.87806,76.0234,2022-04-02,20:10,20:15,Cloudy,Jam,2,Drinks,scooter,2.0,No,Urban,48,19.65962528368427,5.0,20,Night,5,1
0x5544,SURRES07DEL02,22.0,4.6,21.170798,72.790489,21.300798,72.920489,2022-03-04,20:55,21:10,Sandstorms,Jam,2,Drinks,electric_scooter,1.0,No,Metropolitian,27,19.76106632827125,15.0,20,Night,4,0
0x52cd,PUNERES02DEL03,39.0,4.3,18.55144,73.804855,18.58144,73.834855,2022-04-03,23:35,23:40,Sandstorms,Low,0,Snack,motorcycle,0.0,No,Urban,25,4.596477246826326,5.0,23,Night,6,1
0xddbd,BHPRES01DEL02,28.0,4.9,23.211529,77.419399,23.231529,77.439399,2022-02-11,11:20,11:25,Windy,High,2,Buffet,scooter,0.0,No,Metropolitian,26,3.020360060848623,5.0,11,Afternoon,4,0
0x3525,MYSRES010DEL03,25.0,5.0,12.321214,76.621094,12.351214,76.651094,2022-03-11,23:00,23:05,Windy,Low,1,Snack,scooter,1.0,No,Metropolitian,12,4.66345622976206,5.0,23,Night,4,0
0x275f,BANGRES010DEL01,25.0,2.5,12.933298,77.614293,13.003298,77.684293,2022-04-04,23:00,23:10,Sunny,Low,1,Drinks,scooter,0.0,No,Metropolitian,34,10.868262820109699,10.0,23,Night,0,0
0x394e,SURRES18DEL03,39.0,4.6,21.149834,72.778666,21.239834,72.868666,2022-03-08,19:35,19:50,Sunny,Jam,0,Meal,motorcycle,1.0,No,Urban,28,13.68250488691661,15.0,19,Evening,1,0
0xcff8,BHPRES03DEL01,37.0,3.9,23.214294,77.435361,23.324294,77.545361,2022-02-12,22:40,22:55,Cloudy,Low,2,Meal,motorcycle,1.0,No,Urban,35,16.609255559077656,15.0,22,Night,5,1
0xc652,ALHRES17DEL01,38.0,4.1,25.45235,81.841889,25.49235,81.881889,2022-02-17,16:20,16:30,Sandstorms,Medium,1,Drinks,motorcycle,1.0,No,Metropolitian,33,5.992216126442876,10.0,16,Evening,3,0
0x4ca1,RANCHIRES16DEL03,27.0,4.6,23.371292,85.327872,23.401292,85.357872,2022-03-28,18:45,18:55,Cloudy,Medium,2,Buffet,scooter,1.0,No,Urban,14,4.527973054243058,10.0,18,Evening,0,0
0x623c,COIMBRES06DEL03,38.0,4.7,11.021278,76.995017,11.081278,77.055017,2022-03-21,23:45,23:55,Fog,Low,2,Snack,motorcycle,0.0,No,Metropolitian,19,9.348128423503157,10.0,23,Night,0,0
0xd332,KOLRES07DEL03,23.0,4.1,22.547186,88.35068,22.637186,88.44068,2022-02-16,21:20,21:30,Cloudy,Jam,2,Snack,electric_scooter,0.0,No,Unknown,36,13.620606901382935,10.0,21,Night,2,0
0x925a,MYSRES01DEL02,31.0,4.9,12.311072,76.654878,12.441072,76.784878,2022-03-20,21:25,21:30,Sunny,Jam,2,Drinks,scooter,0.0,No,Metropolitian,21,20.206804295781904,5.0,21,Night,6,1
0x97a0,COIMBRES07DEL03,38.0,4.6,10.96185,76.971082,10.99185,77.001082,2022-03-15,18:00,18:15,Stormy,Medium,0,Buffet,motorcycle,1.0,No,Metropolitian,37,4.674644234401863,15.0,18,Evening,1,0
0x137c,INDORES01DEL01,29.0,4.6,22.695207,75.866059,22.735207,75.906059,2022-03-28,12:55,13:10,Sandstorms,High,1,Buffet,motorcycle,1.0,No,Urban,24,6.051108888205775,15.0,12,Afternoon,0,0
0x4041,JAPRES01DEL03,31.0,4.5,26.90519,75.810753,26.96519,75.870753,2022-03-13,22:40,22:55,Stormy,Low,2,Buffet,motorcycle,0.0,No,Metropolitian,20,8.938097379311301,15.0,22,Night,6,1
0xd31a,AURGRES03DEL01,34.0,4.1,19.874733,75.353942,19.914733,75.393942,2022-02-11,14:35,14:40,Windy,High,0,Meal,motorcycle,0.0,No,Metropolitian,42,6.105321332080147,5.0,14,Afternoon,4,0
0x2da4,RANCHIRES08DEL01,22.0,4.7,23.353783,85.326967,23.463783,85.436967,2022-03-10,22:00,22:05,Sandstorms,Jam,0,Drinks,motorcycle,0.0,No,Metropolitian,38,16.601276790345967,5.0,22,Night,3,0
0x552d,PUNERES05DEL02,32.0,4.8,18.543626,73.905101,18.623626,73.985101,2022-04-02,20:15,20:25,Fog,Jam,0,Snack,motorcycle,1.0,No,Metropolitian,42,12.256687342592269,10.0,20,Night,5,1
0x1254,COIMBRES01DEL03,25.0,4.9,11.016298,76.972076,11.046298,77.002076,2022-03-13,22:40,22:50,Fog,Low,2,Snack,scooter,0.0,No,Urban,15,4.674220356187267,10.0,22,Night,6,1
0x2ca2,BANGRES13DEL02,26.0,4.4,12.935662,77.61413,13.065662,77.74413,2022-03-06,21:10,21:20,Cloudy,Jam,1,Meal,scooter,1.0,No,Metropolitian,33,20.182634488293672,10.0,21,Night,6,1
0x45e5,RANCHIRES08DEL03,37.0,4.5,23.353783,85.326967,23.383783,85.356967,2022-03-26,20:40,20:50,Sunny,Jam,0,Meal,motorcycle,1.0,No,Metropolitian,21,4.52824657673871,10.0,20,Night,5,1
0xbe40,MYSRES15DEL01,34.0,4.9,12.352058,76.60665,12.422058,76.67665,2022-03-12,17:45,17:55,Sunny,Medium,1,Drinks,scooter,1.0,No,Metropolitian,26,10.88036428627722,10.0,17,Evening,5,1
0xa001,COIMBRES05DEL03,37.0,4.8,11.022169,76.999594,11.082169,77.059594,2022-04-01,18:40,18:50,Fog,Medium,0,Snack,motorcycle,1.0,No,Metropolitian,33,9.348114492434787,10.0,18,Evening,4,0
0x5b9a,RANCHIRES04DEL02,25.0,4.7,23.359033,85.325347,23.409033,85.375347,2022-03-17,20:25,20:30,Windy,Jam,1,Meal,scooter,1.0,No,Metropolitian,27,7.546680469081603,5.0,20,Night,3,0
0x6128,COIMBRES16DEL03,36.0,4.5,11.010375,76.95295,11.070375,77.01295,2022-03-24,20:30,20:40,Windy,Jam,2,Snack,electric_scooter,1.0,No,Urban,25,9.348298807291807,10.0,20,Night,3,0
0x6ecf,RANCHIRES010DEL03,20.0,5.0,23.354422,85.3329,23.444422,85.4229,2022-03-08,22:00,22:05,Fog,Jam,1,Drinks,scooter,1.0,No,Metropolitian,41,13.583302501334016,5.0,22,Night,1,0
0x7cc1,BANGRES11DEL01,27.0,4.6,12.934365,77.616155,13.044365,77.726155,2022-03-27,20:10,20:15,Windy,Jam,2,Drinks,scooter,1.0,No,Metropolitian,28,17.07799287216204,5.0,20,Night,6,1
0x3d50,MUMRES010DEL03,36.0,4.9,19.003517,72.82765,19.093517,72.91765,2022-03-16,17:55,18:10,Sandstorms,Medium,1,Meal,scooter,0.0,No,Metropolitian,22,13.77076958377127,15.0,17,Evening,2,0
0x152b,SURRES20DEL01,38.0,5.0,21.15276,72.778059,21.16276,72.788059,2022-03-21,09:30,09:35,Stormy,Low,1,Drinks,motorcycle,1.0,No,Metropolitian,27,1.520455689583788,5.0,9,Morning,0,0
0x6b05,SURRES03DEL01,21.0,4.6,21.186884,72.793616,21.226884,72.833616,2022-04-01,12:40,12:55,Windy,High,1,Drinks,scooter,1.0,No,Urban,13,6.080882967594328,15.0,12,Afternoon,4,0
0x8b26,HYDRES01DEL02,33.0,4.0,17.410371,78.437225,17.490371,78.517225,2022-03-29,20:15,20:25,Fog,Jam,2,Buffet,scooter,0.0,No,Urban,49,12.294187491090893,10.0,20,Night,1,0
0xbc41,RANCHIRES15DEL02,26.0,4.7,23.369746,85.33982,23.419746,85.38982,2022-03-01,17:35,17:40,Cloudy,Medium,1,Snack,motorcycle,0.0,No,Metropolitian,11,7.54640142147466,5.0,17,Evening,1,0
0x6d9,MUMRES02DEL01,21.0,4.8,19.221315,72.862381,19.231315,72.872381,2022-03-13,08:10,08:20,Sandstorms,Low,2,Buffet,motorcycle,1.0,No,Urban,17,1.5293087736834532,10.0,8,Morning,6,1
0xb15a,CHENRES18DEL03,36.0,4.6,12.981615,80.231598,13.071615,80.321598,2022-03-25,23:40,23:45,Sunny,Low,0,Buffet,motorcycle,1.0,No,Urban,27,13.971881683316301,5.0,23,Night,4,0
0x8224,JAPRES09DEL02,38.0,4.0,26.911378,75.789034,26.991378,75.869034,2022-03-16,18:20,18:25,Cloudy,Medium,1,Snack,scooter,1.0,No,Urban,34,11.916705005077658,5.0,18,Evening,2,0
0x96f2,PUNERES18DEL03,24.0,4.7,18.593481,73.785901,18.653481,73.845901,2022-03-07,23:10,23:20,Sunny,Low,2,Snack,motorcycle,0.0,No,Metropolitian,15,9.19149730046093,10.0,23,Night,0,0
0x6bdc,MUMRES12DEL02,39.0,4.1,19.207222,72.972281,19.257222,73.022281,2022-03-07,22:25,22:40,Windy,Low,0,Buffet,motorcycle,1.0,No,Urban,27,7.646414103068861,15.0,22,Night,0,0
0x63bc,CHENRES13DEL02,24.0,4.6,13.027018,80.254791,13.047018,80.274791,2022-03-11,11:55,12:05,Stormy,High,1,Buffet,motorcycle,1.0,No,Metropolitian,27,3.1047992381869647,10.0,11,Afternoon,4,0
0x2d67,CHENRES16DEL01,29.0,4.9,13.049645,80.242268,13.089645,80.282268,2022-03-09,15:45,15:55,Cloudy,Medium,1,Drinks,motorcycle,1.0,No,Metropolitian,13,6.20919924806096,10.0,15,Evening,2,0
0x9a07,CHENRES03DEL03,28.0,4.7,13.091809,80.219104,13.151809,80.279104,2022-03-17,21:20,21:35,Sunny,Jam,1,Buffet,scooter,0.0,No,Urban,19,9.31283846749211,15.0,21,Night,3,0
0x5243,PUNERES13DEL02,24.0,4.7,18.56245,73.916619,18.64245,73.996619,2022-04-06,20:20,20:25,Sunny,Jam,0,Meal,motorcycle,1.0,No,Urban,17,12.256046315965444,5.0,20,Night,2,0
0x9853,VADRES03DEL01,21.0,4.6,22.32,73.17,22.43,73.28,2022-03-10,19:50,20:05,Fog,Jam,1,Buffet,motorcycle,1.0,No,Metropolitian,43,16.6594405791231,15.0,19,Evening,3,0
0xa9e3,MUMRES01DEL03,36.0,4.6,19.12663,72.829976,19.15663,72.859976,2022-03-01,20:55,21:10,Stormy,Jam,0,Meal,motorcycle,1.0,No,Metropolitian,38,4.58903875102421,15.0,20,Night,1,0
0x41cb,CHENRES07DEL01,33.0,5.0,13.081878,80.248519,13.151878,80.318519,2022-03-16,22:10,22:20,Sunny,Low,0,Meal,motorcycle,1.0,No,Metropolitian,25,10.865084189986677,10.0,22,Night,2,0
0xe118,GOARES12DEL01,23.0,5.0,15.516833,73.768172,15.586833,73.838172,2022-02-12,17:35,17:40,Fog,Medium,2,Meal,electric_scooter,1.0,No,Metropolitian,28,10.80810834240692,5.0,17,Evening,5,1
0x29a4,MYSRES02DEL02,35.0,4.9,12.304569,76.643622,12.354569,76.693622,2022-03-07,18:50,19:00,Sandstorms,Medium,0,Buffet,motorcycle,1.0,No,Metropolitian,34,7.7725232004434295,10.0,18,Evening,0,0
0x4289,COIMBRES18DEL02,30.0,4.1,11.02091,76.940432,11.04091,76.960432,2022-03-30,11:00,11:05,Stormy,Low,0,Drinks,motorcycle,1.0,No,Urban,23,3.116148933802629,5.0,11,Afternoon,2,0
0xb2d3,HYDRES12DEL01,32.0,4.0,17.429585,78.392621,17.469585,78.432621,2022-03-17,15:50,16:05,Stormy,Medium,2,Drinks,electric_scooter,1.0,No,Metropolitian,32,6.147106622705506,15.0,15,Evening,3,0
0xc401,LUDHRES11DEL02,25.0,4.6,30.893081,75.821495,30.943081,75.871495,2022-02-11,00:00,00:05,Sandstorms,Low,1,Snack,scooter,0.0,No,Metropolitian,12,7.325368489857699,5.0,0,Night,4,0
0x8ff7,SURRES18DEL01,28.0,4.6,21.149834,72.778666,21.259834,72.888666,2022-03-29,19:10,19:15,Stormy,Jam,1,Buffet,scooter,1.0,No,Metropolitian,29,16.72253446733555,5.0,19,Evening,1,0
0x78b9,BANGRES16DEL02,34.0,4.6,13.029198,77.570997,13.079198,77.620997,2022-03-07,17:45,17:50,Fog,Medium,1,Buffet,scooter,0.0,No,Metropolitian,19,7.761735387691425,5.0,17,Evening,0,0
0x19eb,COIMBRES11DEL02,21.0,4.6,11.001753,76.986241,11.081753,77.066241,2022-04-04,19:15,19:30,Windy,Jam,2,Meal,motorcycle,0.0,No,Metropolitian,17,12.464369459117805,15.0,19,Evening,0,0
0xb1a7,JAPRES19DEL01,33.0,4.1,26.913726,75.75282,26.983726,75.82282,2022-03-04,19:10,19:15,Sandstorms,Jam,1,Drinks,motorcycle,1.0,No,Metropolitian,42,10.427225702895106,5.0,19,Evening,4,0
0x2d33,JAPRES15DEL02,39.0,5.0,26.891191,75.802083,26.911191,75.822083,2022-03-07,11:40,11:55,Cloudy,High,0,Meal,motorcycle,1.0,No,Urban,33,2.979763497462109,15.0,11,Afternoon,0,0
0x549e,JAPRES03DEL02,28.0,4.1,26.913483,75.803139,26.933483,75.823139,2022-03-30,09:25,09:30,Windy,Low,0,Drinks,motorcycle,1.0,No,Metropolitian,27,2.979502850576494,5.0,9,Morning,2,0
0xbbad,CHENRES03DEL03,34.0,4.6,13.091809,80.219104,13.181809,80.309104,2022-03-18,21:20,21:25,Sunny,Jam,2,Drinks,electric_scooter,0.0,No,Metropolitian,28,13.968842021961057,5.0,21,Night,4,0
0xcb82,AGRRES07DEL01,31.0,3.7,27.160934,78.044095,27.230934,78.114095,2022-02-12,20:55,21:05,Stormy,Jam,1,Meal,scooter,1.0,No,Metropolitian,34,10.417061581463948,10.0,20,Night,5,1
0x2c7a,JAPRES18DEL02,22.0,4.1,26.913987,75.752891,27.043987,75.882891,2022-04-06,19:20,19:30,Fog,Jam,2,Drinks,scooter,1.0,No,Metropolitian,35,19.362541804304527,10.0,19,Evening,2,0
0xb7cd,CHENRES02DEL03,34.0,4.7,13.086438,80.220672,13.146439,80.280672,2022-03-09,22:00,22:10,Cloudy,Jam,2,Snack,scooter,1.0,No,Metropolitian,33,9.313017158714828,10.0,22,Night,2,0
0x5ac4,BANGRES11DEL03,25.0,4.6,12.934365,77.616155,12.964365,77.646155,2022-03-24,19:25,19:35,Sunny,Jam,2,Meal,scooter,0.0,No,Metropolitian,16,4.657999585570663,10.0,19,Evening,3,0
0xa455,SURRES19DEL03,22.0,5.0,21.149669,72.772629,21.209669,72.832629,2022-03-30,20:55,21:10,Sandstorms,Jam,2,Buffet,motorcycle,1.0,No,Metropolitian,23,9.12210553959038,15.0,20,Night,2,0
0xdb7a,LUDHRES09DEL03,31.0,4.3,30.885814,75.786976,31.025814,75.926976,2022-02-16,17:40,17:55,Sandstorms,Medium,0,Snack,motorcycle,1.0,No,Metropolitian,45,20.507595969741473,15.0,17,Evening,2,0
0x1509,RANCHIRES15DEL02,38.0,4.9,23.369746,85.33982,23.499746,85.46982,2022-04-02,17:30,17:35,Windy,Medium,0,Meal,motorcycle,1.0,No,Metropolitian,42,19.617929437389435,5.0,17,Evening,5,1
0x55d2,COIMBRES18DEL01,38.0,4.4,11.02091,76.940432,11.03091,76.950432,2022-03-21,08:10,08:25,Windy,Low,0,Drinks,motorcycle,0.0,No,Urban,23,1.5580874730609473,15.0,8,Morning,0,0
0xd746,ALHRES15DEL03,37.0,4.0,25.449872,81.836167,25.539872,81.926167,2022-02-18,17:55,18:10,Fog,Medium,1,Snack,motorcycle,0.0,No,Metropolitian,34,13.48135123231739,15.0,17,Evening,4,0
0x3910,RANCHIRES11DEL03,20.0,4.7,23.359194,85.325447,23.389194,85.355447,2022-03-21,20:55,21:00,Stormy,Jam,0,Snack,motorcycle,1.0,No,Metropolitian,26,4.528162065607132,5.0,20,Night,0,0
0x84fa,PUNERES18DEL03,23.0,4.7,18.593481,73.785901,18.653481,73.845901,2022-03-21,19:50,20:00,Fog,Jam,2,Meal,scooter,1.0,No,Metropolitian,28,9.19149730046093,10.0,19,Evening,0,0
0x780d,RANCHIRES15DEL02,24.0,4.6,23.369746,85.33982,23.499746,85.46982,2022-03-20,19:45,19:50,Fog,Jam,2,Buffet,electric_scooter,1.0,No,Metropolitian,33,19.617929437389435,5.0,19,Evening,6,1
0xac43,COIMBRES19DEL02,36.0,4.9,11.022298,76.998349,11.152298,77.128349,2022-04-02,23:20,23:30,Sunny,Low,1,Buffet,scooter,1.0,No,Metropolitian,23,20.25305420828035,10.0,23,Night,5,1
0x7141,SURRES09DEL01,27.0,4.8,21.175975,72.795503,21.185975,72.805503,2022-03-11,10:10,10:25,Cloudy,Low,0,Buffet,motorcycle,1.0,No,Metropolitian,16,1.5203447277401048,15.0,10,Morning,4,0
0x3b0a,RANCHIRES11DEL01,39.0,4.6,23.359194,85.325447,23.369194,85.335447,2022-03-15,08:55,09:10,Cloudy,Low,2,Buffet,scooter,0.0,No,Urban,17,1.509439424217718,15.0,8,Morning,1,0
0xd64b,AURGRES010DEL03,26.0,4.9,19.875337,75.316722,19.965337,75.406722,2022-02-18,17:15,17:30,Cloudy,Medium,0,Meal,motorcycle,1.0,Yes,Metropolitian,40,13.735929091490455,15.0,17,Evening,4,0
0xc57a,DEHRES05DEL02,37.0,4.2,30.346994,78.062543,30.426994,78.142543,2022-02-14,19:30,19:45,Fog,Jam,1,Snack,motorcycle,1.0,No,Metropolitian,45,11.74800430051281,15.0,19,Evening,0,0
0x8b13,MYSRES06DEL03,38.0,4.8,12.323994,76.626167,12.413994,76.716167,2022-04-04,19:15,19:25,Fog,Jam,2,Meal,scooter,0.0,No,Metropolitian,37,13.98951205355768,10.0,19,Evening,0,0
0xb076,MUMRES09DEL02,39.0,4.1,18.994049,72.825203,19.014049,72.845203,2022-03-24,08:45,08:55,Stormy,Low,0,Meal,motorcycle,1.0,No,Metropolitian,30,3.060557773040758,10.0,8,Morning,3,0
0xd6ad,KOCRES02DEL01,25.0,4.6,10.028047,76.310019,10.038047,76.320019,2022-02-13,08:45,08:55,Cloudy,Low,1,Buffet,scooter,0.0,No,Urban,12,1.5605560162491214,10.0,8,Morning,6,1
0x6c7,INDORES05DEL01,37.0,4.3,22.727021,75.884167,22.767021,75.924167,2022-03-09,13:00,13:10,Fog,High,1,Drinks,motorcycle,1.0,No,Metropolitian,36,6.050461888076144,10.0,13,Afternoon,2,0
0x5cb9,INDORES010DEL03,28.0,4.5,22.75004,75.902847,22.81004,75.962847,2022-03-01,20:40,20:50,Cloudy,Jam,0,Snack,motorcycle,1.0,No,Metropolitian,27,9.074684164326316,10.0,20,Night,1,0
0x1e11,PUNERES08DEL02,34.0,4.9,18.53408,73.89852,18.66408,74.02852,2022-03-02,20:50,20:55,Stormy,Jam,2,Buffet,motorcycle,0.0,No,Metropolitian,30,19.916260009775197,5.0,20,Night,2,0
0x284f,RANCHIRES20DEL03,29.0,4.6,23.39925,85.390464,23.45925,85.450464,2022-03-21,20:15,20:20,Sunny,Jam,2,Snack,scooter,1.0,No,Urban,16,9.054602228168925,5.0,20,Night,0,0
0xcb59,AGRRES05DEL01,24.0,5.0,27.201725,78.007553,27.311725,78.117553,2022-02-14,20:55,21:00,Cloudy,Jam,1,Snack,scooter,2.0,No,Metropolitian,41,16.365721535926983,5.0,20,Night,0,0
0x98cd,SURRES06DEL02,29.0,4.9,21.185047,72.80859,21.315047,72.93859,2022-03-31,19:00,19:05,Sunny,Medium,0,Drinks,motorcycle,1.0,No,Metropolitian,29,19.76017824329294,5.0,19,Evening,3,0
0xb883,HYDRES07DEL02,20.0,4.6,17.424114,78.347554,17.474114,78.397554,2022-03-30,22:00,22:15,Sunny,Jam,2,Drinks,motorcycle,0.0,No,Metropolitian,10,7.683892680377775,15.0,22,Night,2,0
0xab72,COIMBRES03DEL02,22.0,4.9,11.025083,77.015393,11.045083,77.035393,2022-03-26,10:00,10:10,Windy,Low,1,Snack,motorcycle,0.0,No,Urban,14,3.1161272207711526,10.0,10,Morning,5,1
0x4dd7,JAPRES11DEL02,26.0,4.1,26.90294,75.793007,26.95294,75.843007,2022-03-30,20:35,20:50,Sandstorms,Jam,0,Buffet,motorcycle,1.0,No,Metropolitian,33,7.448626618603313,15.0,20,Night,2,0
0xcbb0,KOCRES15DEL01,22.0,4.8,10.027364,76.308258,10.097364,76.378258,2022-02-16,18:10,18:20,Cloudy,Medium,0,Drinks,motorcycle,1.0,No,Metropolitian,39,10.923404218135415,10.0,18,Evening,2,0
0xaca6,COIMBRES20DEL01,32.0,5.0,10.994136,76.963303,11.104136,77.073303,2022-03-27,17:25,17:30,Stormy,Medium,0,Meal,motorcycle,2.0,No,Metropolitian,42,17.138295790539786,5.0,17,Evening,6,1
0xd439,ALHRES03DEL02,36.0,4.7,25.451517,81.832616,25.581517,81.962616,2022-02-14,20:40,20:45,Fog,Jam,2,Buffet,scooter,0.0,No,Metropolitian,37,19.47148556934433,5.0,20,Night,0,0
0x8aee,HYDRES02DEL01,32.0,4.8,17.41233,78.449654,17.45233,78.489654,2022-04-01,16:15,16:30,Sunny,Medium,0,Snack,motorcycle,1.0,No,Metropolitian,27,6.147383751705428,15.0,16,Evening,4,0
0x80d1,PUNERES14DEL01,28.0,4.2,18.516216,73.842527,18.586216,73.912527,2022-03-23,21:25,21:40,Cloudy,Jam,2,Meal,electric_scooter,1.0,No,Unknown,37,10.725566076623075,15.0,21,Night,2,0
0xc6ae,AURGRES03DEL02,33.0,4.5,19.874733,75.353942,20.004733,75.483942,2022-02-14,23:45,23:50,Cloudy,Low,2,Buffet,scooter,0.0,No,Metropolitian,26,19.839642357285015,5.0,23,Night,0,0
0xb256,HYDRES09DEL01,33.0,4.7,17.431668,78.408321,17.441668,78.418321,2022-04-05,10:30,10:35,Sunny,Low,1,Drinks,motorcycle,1.0,No,Urban,11,1.536828545242727,5.0,10,Morning,1,0
0x3dfd,JAPRES17DEL01,21.0,4.1,26.892312,75.806896,26.932312,75.846896,2022-03-13,14:15,14:20,Sandstorms,High,0,Snack,motorcycle,1.0,No,Metropolitian,38,5.959266895919676,5.0,14,Afternoon,6,1
0x3212,RANCHIRES07DEL03,34.0,5.0,23.359407,85.325055,23.449407,85.415055,2022-03-04,23:20,23:30,Cloudy,Low,1,Meal,scooter,1.0,No,Urban,29,13.583068670275285,10.0,23,Night,4,0
0xae8d,VADRES010DEL01,27.0,4.8,22.310329,73.169083,22.420329,73.279083,2022-04-04,19:30,19:40,Sandstorms,Jam,1,Snack,scooter,1.0,No,Metropolitian,17,16.659974055073302,10.0,19,Evening,0,0
0x867e,JAPRES13DEL01,30.0,4.9,26.846156,75.8023,26.886156,75.8423,2022-03-01,15:15,15:20,Sunny,Medium,2,Buffet,scooter,0.0,No,Urban,15,5.960345509794304,5.0,15,Evening,1,0
0x70f0,MYSRES01DEL03,34.0,5.0,12.311072,76.654878,12.341072,76.684878,2022-03-15,23:15,23:25,Windy,Low,1,Snack,motorcycle,1.0,No,Metropolitian,20,4.663544352411129,10.0,23,Night,1,0
0x5183,HYDRES03DEL01,31.0,4.2,17.422819,78.449578,17.492819,78.519578,2022-03-02,21:40,21:50,Fog,Jam,2,Meal,motorcycle,0.0,No,Urban,40,10.757204708670502,10.0,21,Night,2,0
0xc329,KNPRES03DEL01,33.0,4.8,26.469003,80.316344,26.479003,80.326344,2022-02-13,08:15,08:20,Windy,Low,2,Snack,motorcycle,1.0,No,Metropolitian,27,1.492362579262321,5.0,8,Morning,6,1
0x915,PUNERES02DEL01,20.0,4.8,18.55144,73.804855,18.56144,73.814855,2022-03-13,08:25,08:40,Fog,Low,0,Meal,motorcycle,1.0,No,Metropolitian,20,1.5322015943257514,15.0,8,Morning,6,1
0xfc6,RANCHIRES05DEL01,22.0,4.5,23.355164,85.324097,23.425164,85.394097,2022-03-16,21:35,21:50,Sandstorms,Jam,2,Drinks,scooter,1.0,No,Metropolitian,19,10.565128845647761,15.0,21,Night,2,0
0x2528,CHENRES04DEL03,31.0,5.0,13.02978,80.208812,13.08978,80.268812,2022-03-24,21:55,22:05,Fog,Jam,0,Snack,motorcycle,0.0,No,Metropolitian,28,9.31397992220267,10.0,21,Night,3,0
0xb694,MUMRES15DEL02,35.0,5.0,19.176269,72.836721,19.226269,72.886721,2022-03-13,23:00,23:15,Fog,Low,1,Meal,scooter,0.0,No,Urban,18,7.647092834675519,15.0,23,Night,6,1
0x30fa,JAPRES14DEL01,22.0,4.8,26.88842,75.800689,26.99842,75.910689,2022-03-10,18:25,18:35,Sunny,Medium,1,Drinks,motorcycle,1.0,No,Metropolitian,19,16.38598063528554,10.0,18,Evening,3,0
0x4d64,MUMRES09DEL01,25.0,4.7,18.994049,72.825203,19.004049,72.835203,2022-03-05,11:15,11:30,Fog,High,2,Buffet,electric_scooter,1.0,No,Urban,27,1.5303005968363894,15.0,11,Afternoon,5,1
0x7c49,SURRES14DEL01,24.0,4.9,21.157729,72.768726,21.167729,72.778726,2022-03-05,09:50,10:05,Windy,Low,2,Buffet,scooter,0.0,No,Metropolitian,17,1.520431947999248,15.0,9,Morning,5,1
0x5bdf,SURRES02DEL03,26.0,4.4,21.186608,72.794136,21.246608,72.854136,2022-03-15,23:20,23:30,Sandstorms,Low,0,Meal,motorcycle,1.0,No,Urban,21,9.121044921629522,10.0,23,Night,1,0
0xa888,RANCHIRES18DEL01,35.0,4.0,23.351489,85.324253,23.461489,85.434253,2022-03-04,20:55,21:10,Cloudy,Jam,2,Meal,motorcycle,1.0,Yes,Metropolitian,41,16.601408334261674,15.0,20,Night,4,0
0x394b,SURRES13DEL02,25.0,4.7,21.170096,72.789122,21.250096,72.869122,2022-03-10,17:30,17:35,Windy,Medium,2,Meal,electric_scooter,1.0,No,Metropolitian,27,12.161642370389037,5.0,17,Evening,3,0
0x565b,MUMRES19DEL02,28.0,4.6,19.131141,72.813074,19.151141,72.833074,2022-03-15,10:35,10:40,Cloudy,Low,1,Buffet,motorcycle,0.0,No,Metropolitian,12,3.0593634547239317,5.0,10,Morning,1,0
0x4812,MUMRES17DEL02,25.0,4.9,19.121999,72.908493,19.251999,73.038493,2022-03-14,23:10,23:25,Windy,Low,2,Snack,scooter,1.0,No,Metropolitian,14,19.883251553020397,15.0,23,Night,0,0
0x7e95,JAPRES010DEL02,38.0,4.6,26.921411,75.793604,26.971411,75.843604,2022-03-24,20:15,20:30,Windy,Jam,2,Meal,electric_scooter,1.0,No,Metropolitian,32,7.448086298120235,15.0,20,Night,3,0
0xaaaa,MUMRES18DEL02,33.0,3.6,19.1093,72.825451,19.2393,72.955451,2022-03-16,23:30,23:35,Cloudy,Low,2,Snack,electric_scooter,1.0,No,Metropolitian,37,19.8839743283605,5.0,23,Night,2,0
0x5bad,MUMRES15DEL03,25.0,4.8,19.176269,72.836721,19.206269,72.866721,2022-04-05,19:00,19:15,Fog,Medium,0,Buffet,motorcycle,0.0,No,Metropolitian,20,4.5883872060778055,15.0,19,Evening,1,0
0x727f,HYDRES16DEL02,25.0,4.8,17.440827,78.393391,17.520827,78.473391,2022-03-02,20:10,20:25,Windy,Jam,2,Buffet,motorcycle,1.0,No,Urban,24,12.293207925868513,15.0,20,Night,2,0
0x5b28,MYSRES08DEL02,21.0,4.6,12.297954,76.665169,12.377954,76.745169,2022-03-16,18:45,18:50,Windy,Medium,0,Buffet,motorcycle,0.0,No,Metropolitian,34,12.43584244017328,5.0,18,Evening,2,0
0x3044,HYDRES11DEL02,33.0,4.7,17.430448,78.418213,17.450448,78.438213,2022-04-01,10:00,10:05,Stormy,Low,1,Drinks,scooter,1.0,No,Metropolitian,21,3.0736267316959007,5.0,10,Morning,4,0
0xc57b,KOLRES17DEL01,35.0,4.9,22.569358,88.433452,22.579358,88.443452,2022-02-13,10:30,10:45,Stormy,Low,1,Meal,motorcycle,1.0,No,Metropolitian,22,1.5134910203793128,15.0,10,Morning,6,1
0x2c44,INDORES06DEL02,39.0,4.8,22.728163,75.884212,22.748163,75.904212,2022-03-11,09:35,09:40,Fog,Low,1,Snack,scooter,1.0,No,Metropolitian,18,3.0253210909321173,5.0,9,Morning,4,0
0x9cae,BANGRES07DEL01,35.0,4.6,12.978453,77.643685,13.018453,77.683685,2022-03-21,12:55,13:00,Fog,High,2,Snack,motorcycle,1.0,No,Metropolitian,28,6.210069011405746,5.0,12,Afternoon,0,0
0x4497,VADRES06DEL02,30.0,3.9,22.31279,73.170283,22.44279,73.300283,2022-03-23,20:10,20:20,Windy,Jam,1,Drinks,motorcycle,0.0,No,Metropolitian,34,19.688246931881576,10.0,20,Night,2,0
0xc0fa,LUDHRES01DEL02,32.0,4.8,30.873988,75.842739,30.923988,75.892739,2022-02-11,17:30,17:35,Stormy,Medium,2,Drinks,scooter,0.0,No,Metropolitian,28,7.325988185630952,5.0,17,Evening,4,0
0x600e,VADRES19DEL02,29.0,4.4,22.311844,73.165081,22.441844,73.295081,2022-03-20,19:45,19:50,Cloudy,Jam,2,Snack,motorcycle,1.0,No,Metropolitian,34,19.688308620509062,5.0,19,Evening,6,1
0x271f,SURRES15DEL01,25.0,4.5,21.160522,72.771477,21.170522,72.781477,2022-03-07,08:45,08:55,Stormy,Low,0,Snack,motorcycle,0.0,No,Metropolitian,22,1.5204186010643506,10.0,8,Morning,0,0
0x4de9,MYSRES11DEL02,35.0,4.8,12.323225,76.630028,12.373225,76.680028,2022-03-01,22:20,22:30,Fog,Low,2,Drinks,motorcycle,1.0,No,Metropolitian,18,7.772252870923808,10.0,22,Night,1,0
0x8c0a,INDORES02DEL01,20.0,5.0,22.651847,75.881991,22.761847,75.991991,2022-03-08,20:20,20:35,Sunny,Jam,0,Buffet,motorcycle,0.0,No,Urban,26,16.641014927987907,15.0,20,Night,1,0
0x4dd3,JAPRES09DEL02,22.0,4.9,26.911378,75.789034,26.931378,75.809034,2022-03-15,10:40,10:45,Stormy,Low,1,Buffet,motorcycle,0.0,No,Urban,12,2.979527470384624,5.0,10,Morning,1,0
0x429e,VADRES06DEL03,20.0,4.8,22.31279,73.170283,22.37279,73.230283,2022-03-19,20:55,21:00,Sunny,Jam,2,Meal,scooter,1.0,No,Metropolitian,18,9.087937068015972,5.0,20,Night,5,1
0xa4b5,BANGRES16DEL03,29.0,4.3,13.029198,77.570997,13.119198,77.660997,2022-03-12,18:20,18:30,Stormy,Medium,0,Snack,motorcycle,1.0,No,Urban,31,13.970572124439776,10.0,18,Evening,5,1
0x1a78,RANCHIRES09DEL03,28.0,4.7,23.351058,85.325731,23.381058,85.355731,2022-03-15,19:50,20:05,Cloudy,Jam,0,Buffet,motorcycle,1.0,No,Metropolitian,29,4.528289130580048,15.0,19,Evening,1,0
0x8a6f,JAPRES14DEL02,36.0,4.8,26.88842,75.800689,26.93842,75.850689,2022-03-01,22:30,22:35,Windy,Low,1,Buffet,motorcycle,1.0,No,Metropolitian,26,7.449051156906713,5.0,22,Night,1,0
0x9ae7,COIMBRES03DEL03,37.0,5.0,11.025083,77.015393,11.085083,77.075393,2022-03-13,22:20,22:25,Sunny,Low,2,Snack,motorcycle,0.0,No,Urban,16,9.348068923522018,5.0,22,Night,6,1
0x1c90,PUNERES13DEL03,30.0,4.6,18.56245,73.916619,18.62245,73.976619,2022-03-26,17:35,17:50,Sunny,Medium,1,Snack,scooter,1.0,No,Urban,17,9.192290417405088,15.0,17,Evening,5,1
0x10a5,MUMRES02DEL02,33.0,4.6,19.221315,72.862381,19.241315,72.882381,2022-04-05,11:00,11:05,Fog,Low,0,Buffet,motorcycle,1.0,No,Metropolitian,27,3.0585736588579726,5.0,11,Afternoon,1,0
0x5a70,INDORES11DEL02,38.0,4.8,22.751234,75.88949,22.881234,76.01949,2022-03-27,21:45,21:50,Sunny,Jam,2,Drinks,motorcycle,0.0,No,Metropolitian,16,19.659414837288296,5.0,21,Night,6,1
0x864e,HYDRES18DEL02,36.0,5.0,17.450851,78.379347,17.500851,78.429347,2022-03-26,17:40,17:45,Fog,Medium,0,Buffet,motorcycle,1.0,No,Urban,30,7.683355299930933,5.0,17,Evening,5,1
0x8c3e,MUMRES09DEL03,20.0,4.4,18.994049,72.825203,19.084049,72.915203,2022-03-04,20:45,20:50,Cloudy,Jam,2,Meal,motorcycle,1.0,No,Metropolitian,42,13.771140253368426,5.0,20,Night,4,0
0x6b8b,HYDRES08DEL01,20.0,4.7,17.438263,78.397865,17.548263,78.507865,2022-03-27,23:00,23:15,Stormy,Low,2,Buffet,electric_scooter,0.0,No,Urban,11,16.902609492881677,15.0,23,Night,6,1
0xcbab,BHPRES11DEL01,20.0,5.0,23.233219,77.433571,23.343219,77.543571,2022-02-16,22:30,22:35,Windy,Low,1,Meal,motorcycle,0.0,No,Urban,16,16.608175423267646,5.0,22,Night,2,0
0x8963,BANGRES04DEL01,36.0,4.6,12.98041,77.640489,13.05041,77.710489,2022-03-08,21:35,21:40,Cloudy,Jam,0,Buffet,motorcycle,1.0,No,Metropolitian,44,10.867258681532135,5.0,21,Night,1,0
0xaf97,JAPRES18DEL02,37.0,4.6,26.913987,75.752891,27.043987,75.882891,2022-03-18,22:30,22:35,Sandstorms,Low,2,Snack,motorcycle,1.0,No,Urban,19,19.362541804304527,5.0,22,Night,4,0
0xd684,LUDHRES18DEL02,22.0,4.8,30.890184,75.829615,30.970184,75.909615,2022-02-14,22:30,22:40,Cloudy,Low,2,Drinks,scooter,1.0,No,Metropolitian,26,11.719960263754546,10.0,22,Night,0,0
0xcd68,KOLRES010DEL02,21.0,4.9,22.538999,88.322337,22.558999,88.342337,2022-02-15,08:40,08:50,Fog,Low,2,Snack,motorcycle,1.0,No,Urban,14,3.0272382437837266,10.0,8,Morning,1,0
0x1b8f,HYDRES02DEL01,32.0,4.8,17.41233,78.449654,17.42233,78.459654,2022-03-07,10:55,11:05,Sunny,Low,0,Meal,motorcycle,1.0,No,Urban,23,1.536906134034303,10.0,10,Morning,0,0
0xabda,RANCHIRES16DEL01,32.0,4.8,23.371292,85.327872,23.441292,85.397872,2022-04-06,17:45,18:00,Fog,Medium,1,Buffet,motorcycle,1.0,No,Metropolitian,44,10.564540523828974,15.0,17,Evening,2,0
0x320f,SURRES17DEL03,24.0,4.7,21.149569,72.772697,21.209569,72.832697,2022-03-19,23:20,23:35,Fog,Low,1,Snack,scooter,1.0,No,Metropolitian,16,9.122108408658214,15.0,23,Night,5,1
0xd166,AGRRES07DEL02,34.0,4.0,27.160934,78.044095,27.290934,78.174095,2022-02-14,21:35,21:50,Fog,Jam,2,Buffet,scooter,0.0,No,Metropolitian,39,19.34366892423054,15.0,21,Night,0,0
0x2866,INDORES07DEL01,29.0,4.8,22.722634,75.886959,22.792634,75.956959,2022-03-06,23:45,00:00,Fog,Low,2,Buffet,scooter,0.0,No,Unknown,21,10.587929946825927,15.0,23,Night,6,1
0x6a98,CHENRES09DEL01,32.0,4.3,13.044694,80.26147,13.154694,80.37147,2022-03-31,21:50,22:00,Stormy,Jam,2,Buffet,electric_scooter,1.0,No,Metropolitian,32,17.074283280249404,10.0,21,Night,3,0
0xbbd0,MYSRES16DEL01,34.0,4.6,12.316967,76.603067,12.426967,76.713067,2022-03-20,21:00,21:15,Windy,Jam,2,Drinks,motorcycle,0.0,No,Metropolitian,25,17.09819699771769,15.0,21,Night,6,1
0x243b,VADRES20DEL01,38.0,4.8,22.311358,73.164798,22.381358,73.234798,2022-03-10,22:15,22:25,Sunny,Low,2,Snack,scooter,0.0,No,Metropolitian,19,10.602467987619507,10.0,22,Night,3,0
0xadb8,HYDRES010DEL01,30.0,4.8,17.428294,78.404423,17.538294,78.514423,2022-03-16,23:40,23:50,Sandstorms,Low,1,Meal,scooter,1.0,No,Metropolitian,23,16.903050893204163,10.0,23,Night,2,0
0xd544,AURGRES08DEL01,29.0,4.2,19.876428,75.364792,19.886428,75.374792,2022-02-15,10:40,10:55,Windy,Low,0,Buffet,motorcycle,0.0,No,Metropolitian,29,1.526390528099105,15.0,10,Morning,1,0
0x961f,PUNERES17DEL01,27.0,4.9,18.530963,73.828972,18.640963,73.938972,2022-03-27,21:15,21:30,Windy,Jam,2,Meal,scooter,1.0,No,Urban,16,16.852834881460105,15.0,21,Night,6,1
0xd9df,KNPRES010DEL03,27.0,4.7,26.47775,80.351569,26.61775,80.491569,2022-02-14,21:50,22:00,Windy,Jam,1,Buffet,scooter,0.0,No,Urban,20,20.887107461224954,10.0,21,Night,0,0
0x1a4a,JAPRES01DEL01,29.0,4.6,26.90519,75.810753,26.94519,75.850753,2022-03-07,15:15,15:20,Windy,Medium,1,Drinks,motorcycle,0.0,No,Urban,21,5.958965689667193,5.0,15,Evening,0,0
0x7a88,SURRES15DEL01,27.0,4.8,21.160522,72.771477,21.200522,72.811477,2022-04-03,16:40,16:50,Fog,Medium,1,Drinks,scooter,0.0,No,Metropolitian,16,6.081387490813416,10.0,16,Evening,6,1
0x2e0c,BANGRES20DEL03,26.0,4.6,12.972161,77.596014,13.032161,77.656014,2022-03-26,17:50,18:05,Stormy,Medium,2,Drinks,scooter,1.0,No,Metropolitian,23,9.315035594044879,15.0,17,Evening,5,1
0xa891,COIMBRES11DEL03,22.0,4.9,11.001753,76.986241,11.061753,77.046241,2022-03-09,17:15,17:30,Windy,Medium,2,Buffet,scooter,1.0,No,Metropolitian,25,9.348433430020535,15.0,17,Evening,2,0
0x1f22,COIMBRES17DEL01,31.0,4.9,11.026117,76.944652,11.036117,76.954652,2022-04-05,10:35,10:40,Windy,Low,1,Buffet,motorcycle,1.0,No,Metropolitian,23,1.5580739318105787,5.0,10,Morning,1,0
0x9935,JAPRES06DEL02,29.0,4.6,26.911927,75.797282,26.961927,75.847282,2022-03-19,20:35,20:40,Sandstorms,Jam,1,Snack,scooter,1.0,No,Urban,11,7.448363764234237,5.0,20,Night,5,1
0xd7c6,AGRRES13DEL01,27.0,4.6,27.159795,78.04299,27.229795,78.11299,2022-02-18,19:15,19:30,Sunny,Jam,0,Drinks,motorcycle,1.0,No,Metropolitian,33,10.417108580081402,15.0,19,Evening,4,0
0x80f3,MUMRES010DEL02,22.0,4.7,19.003517,72.82765,19.023517,72.84765,2022-04-01,08:30,08:35,Sandstorms,Low,1,Buffet,scooter,1.0,No,Urban,11,3.060475538709063,5.0,8,Morning,4,0
0x1ddf,PUNERES05DEL02,25.0,4.9,18.543626,73.905101,18.673626,74.035101,2022-03-16,22:25,22:30,Sunny,Low,0,Buffet,motorcycle,1.0,No,Metropolitian,26,19.915731481294102,5.0,22,Night,2,0
0x9a1,INDORES17DEL01,37.0,4.7,22.761226,75.887522,22.831226,75.957521,2022-04-02,23:25,23:30,Sunny,Low,1,Snack,scooter,0.0,No,Metropolitian,25,10.5864846162781,5.0,23,Night,5,1
0x9358,COIMBRES05DEL02,39.0,4.9,11.022169,76.999594,11.152169,77.129594,2022-03-25,20:35,20:50,Stormy,Jam,1,Meal,motorcycle,1.0,No,Metropolitian,27,20.253058591951756,15.0,20,Night,4,0
0x791a,BANGRES06DEL02,37.0,4.6,12.979096,77.640625,13.109096,77.770625,2022-03-23,17:40,17:55,Sunny,Medium,0,Drinks,motorcycle,1.0,No,Metropolitian,36,20.180911382710004,15.0,17,Evening,2,0
0x4710,INDORES12DEL02,28.0,4.7,22.74806,75.8934,22.82806,75.9734,2022-03-23,23:20,23:30,Cloudy,Low,0,Buffet,motorcycle,1.0,No,Metropolitian,24,12.099251698246315,10.0,23,Night,2,0
0x9a72,JAPRES18DEL01,38.0,5.0,26.913987,75.752891,26.923987,75.762891,2022-03-13,10:35,10:40,Sunny,Low,2,Snack,scooter,0.0,No,Urban,17,1.489777721651655,5.0,10,Morning,6,1
0xbed1,JAPRES04DEL01,23.0,4.7,26.902328,75.794257,26.972328,75.864257,2022-03-14,22:00,22:10,Cloudy,Jam,1,Snack,motorcycle,1.0,No,Urban,38,10.42769256917753,10.0,22,Night,0,0
0xc8f7,ALHRES08DEL01,30.0,4.6,25.450329,81.834279,25.490329,81.874279,2022-02-13,13:45,13:50,Fog,High,2,Meal,motorcycle,1.0,No,Metropolitian,39,5.992261339612392,5.0,13,Afternoon,6,1
0x1e04,CHENRES06DEL02,31.0,4.0,13.054347,80.257221,13.134347,80.337221,2022-03-27,18:50,19:05,Cloudy,Medium,1,Buffet,scooter,1.0,No,Metropolitian,33,12.417792351617555,15.0,18,Evening,6,1
0xa105,BANGRES11DEL03,31.0,4.8,12.934365,77.616155,12.994365,77.676155,2022-04-01,23:20,23:25,Sunny,Low,1,Buffet,scooter,0.0,No,Metropolitian,18,9.315725653468126,5.0,23,Night,4,0
0x2cee,COIMBRES18DEL02,35.0,4.4,11.02091,76.940432,11.15091,77.070432,2022-03-12,20:15,20:25,Fog,Jam,2,Snack,scooter,1.0,No,Metropolitian,39,20.253101372632372,10.0,20,Night,5,1
0xa29a,HYDRES18DEL02,33.0,4.6,17.450851,78.379347,17.580851,78.509347,2022-03-14,23:20,23:35,Sandstorms,Low,2,Buffet,motorcycle,0.0,No,Metropolitian,21,19.97462742500737,15.0,23,Night,0,0
0xb23e,BANGRES09DEL02,31.0,4.4,12.934179,77.615797,13.064179,77.745797,2022-03-29,20:35,20:45,Stormy,Jam,0,Drinks,motorcycle,1.0,No,Metropolitian,47,20.18269322461139,10.0,20,Night,1,0
0x4638,JAPRES05DEL02,22.0,4.8,26.905287,75.794592,27.035287,75.924592,2022-04-04,20:00,20:10,Sunny,Jam,0,Snack,motorcycle,0.0,No,Metropolitian,20,19.36320422209685,10.0,20,Night,0,0
0x1a91,VADRES20DEL01,37.0,4.7,22.311358,73.164798,22.421358,73.274798,2022-03-06,23:15,23:30,Sunny,Low,2,Snack,electric_scooter,0.0,No,Metropolitian,16,16.659917302375398,15.0,23,Night,6,1
0x3404,BANGRES06DEL01,39.0,4.1,12.979096,77.640625,13.089096,77.750625,2022-03-04,20:30,20:40,Sandstorms,Jam,1,Snack,motorcycle,0.0,No,Metropolitian,32,17.076492495612452,10.0,20,Night,4,0
0x986a,MUMRES09DEL03,36.0,4.0,18.994049,72.825203,19.054049,72.885203,2022-03-05,17:20,17:25,Cloudy,Medium,0,Drinks,motorcycle,1.0,No,Metropolitian,34,9.181151801248024,5.0,17,Evening,5,1
0x2c9b,VADRES06DEL03,28.0,4.8,22.31279,73.170283,22.34279,73.200283,2022-03-07,23:50,00:00,Sunny,Low,2,Buffet,motorcycle,1.0,No,Metropolitian,17,4.544194013501194,10.0,23,Night,0,0
0x7bde,MYSRES18DEL03,30.0,4.0,12.337928,76.617889,12.397928,76.677889,2022-03-07,17:30,17:45,Sandstorms,Medium,1,Drinks,scooter,1.0,No,Metropolitian,31,9.326360257118816,15.0,17,Evening,0,0
0xcdc8,AGRRES01DEL03,34.0,4.9,27.161661,78.011544,27.301661,78.151544,2022-02-18,22:15,22:30,Stormy,Low,0,Buffet,motorcycle,1.0,No,Metropolitian,29,20.83116974039113,15.0,22,Night,4,0
0x7640,COIMBRES20DEL01,34.0,4.6,10.994136,76.963303,11.034136,77.003303,2022-03-11,14:25,14:35,Stormy,High,1,Drinks,scooter,1.0,No,Urban,33,6.232472211118879,10.0,14,Afternoon,4,0
0xd689,KOCRES07DEL01,29.0,4.5,9.985697,76.281128,9.995697,76.291128,2022-02-11,10:55,11:05,Stormy,Low,1,Drinks,scooter,1.0,No,Metropolitian,11,1.5606562752171242,10.0,10,Morning,4,0
0xae8a,INDORES19DEL01,35.0,4.9,22.745536,75.893106,22.755536,75.903106,2022-03-28,11:20,11:35,Windy,High,0,Drinks,motorcycle,1.0,No,Metropolitian,35,1.5125976112065025,15.0,11,Afternoon,0,0
0x3d09,SURRES06DEL03,28.0,4.6,21.185047,72.80859,21.245047,72.86859,2022-03-05,17:40,17:50,Sunny,Medium,2,Snack,scooter,0.0,No,Metropolitian,10,9.12108977493757,10.0,17,Evening,5,1
0xa1a7,COIMBRES17DEL01,35.0,4.1,11.026117,76.944652,11.066117,76.984652,2022-04-01,12:50,12:55,Sandstorms,High,2,Meal,scooter,1.0,No,Metropolitian,33,6.232139486668102,5.0,12,Afternoon,4,0
0x33fc,RANCHIRES17DEL03,30.0,4.9,23.374878,85.335739,23.464878,85.425739,2022-04-06,21:55,22:05,Windy,Jam,0,Snack,motorcycle,2.0,No,Metropolitian,49,13.582342704260105,10.0,21,Night,2,0
0x8308,VADRES20DEL02,23.0,5.0,22.311358,73.164798,22.441358,73.294798,2022-03-06,18:35,18:40,Sandstorms,Medium,0,Buffet,motorcycle,1.0,No,Metropolitian,27,19.688340311678566,5.0,18,Evening,6,1
0xaf2f,CHENRES01DEL02,25.0,4.6,13.005801,80.250744,13.085801,80.330744,2022-03-02,22:45,22:55,Sunny,Low,2,Buffet,motorcycle,0.0,No,Metropolitian,27,12.418981672303648,10.0,22,Night,2,0
0x2111,BANGRES19DEL03,35.0,4.0,12.914264,77.6784,12.944264,77.7084,2022-03-30,20:30,20:45,Stormy,Jam,0,Snack,motorcycle,1.0,No,Metropolitian,36,4.65818248829983,15.0,20,Night,2,0
0x90e0,INDORES15DEL03,21.0,4.7,22.760072,75.892574,22.790072,75.922574,2022-03-09,19:40,19:55,Windy,Jam,2,Drinks,electric_scooter,1.0,No,Urban,11,4.537418110277337,15.0,19,Evening,2,0
0x78bb,HYDRES20DEL01,22.0,4.2,17.483216,78.552111,17.553216,78.622111,2022-03-10,21:25,21:30,Stormy,Jam,0,Buffet,motorcycle,1.0,No,Metropolitian,33,10.7555029596215,5.0,21,Night,3,0
0x1544,MUMRES19DEL02,24.0,4.4,19.131141,72.813074,19.21114,72.893074,2022-03-23,21:30,21:35,Cloudy,Jam,1,Snack,motorcycle,2.0,No,Metropolitian,40,12.236322809891128,5.0,21,Night,2,0
0x5907,INDORES20DEL03,30.0,4.3,22.732225,75.874765,22.762225,75.904765,2022-03-13,21:40,21:45,Sandstorms,Jam,0,Drinks,motorcycle,1.0,No,Unknown,47,4.537843333696388,5.0,21,Night,6,1
0x356f,CHENRES04DEL02,33.0,4.7,13.02978,80.208812,13.10978,80.288812,2022-03-04,23:00,23:05,Sunny,Low,2,Drinks,scooter,1.0,No,Metropolitian,28,12.418394742110447,5.0,23,Night,4,0
0x8083,RANCHIRES04DEL02,20.0,4.6,23.359033,85.325347,23.379033,85.345347,2022-03-24,11:25,11:35,Fog,High,0,Meal,motorcycle,1.0,No,Metropolitian,24,3.0188284633848217,10.0,11,Afternoon,3,0
0xb94c,BANGRES02DEL02,26.0,4.6,12.970221,77.645396,13.020221,77.695396,2022-03-30,22:35,22:50,Sunny,Low,0,Snack,motorcycle,1.0,No,Metropolitian,18,7.762635434587253,15.0,22,Night,2,0
0x96b3,JAPRES18DEL02,31.0,4.1,26.913987,75.752891,26.933987,75.772891,2022-03-01,10:10,10:15,Stormy,Low,0,Meal,motorcycle,1.0,No,Metropolitian,22,2.9794969556315394,5.0,10,Morning,1,0
0x2162,VADRES010DEL01,33.0,4.8,22.310329,73.169083,22.350329,73.209083,2022-03-26,16:00,16:10,Fog,Medium,2,Buffet,scooter,1.0,No,Metropolitian,16,6.058874461145507,10.0,16,Evening,5,1
0xe155,DEHRES19DEL01,21.0,4.8,30.372202,78.077151,30.482202,78.187151,2022-02-14,22:20,22:30,Fog,Low,1,Snack,scooter,0.0,No,Urban,22,16.150667360477375,10.0,22,Night,0,0
0xa20a,PUNERES13DEL03,21.0,4.7,18.56245,73.916619,18.65245,74.006619,2022-03-10,23:45,23:55,Fog,Low,2,Drinks,scooter,0.0,No,Metropolitian,28,13.787860239172547,10.0,23,Night,3,0
0x9f33,JAPRES13DEL01,23.0,4.5,26.846156,75.8023,26.916156,75.8723,2022-04-04,20:35,20:45,Windy,Jam,2,Buffet,electric_scooter,1.0,No,Metropolitian,26,10.42999110860193,10.0,20,Night,0,0
0x36e2,SURRES12DEL01,24.0,4.5,21.183434,72.814492,21.223434,72.854492,2022-03-21,12:20,12:30,Stormy,High,2,Meal,motorcycle,1.0,No,Metropolitian,29,6.080949025950904,10.0,12,Afternoon,0,0
0x5ad5,JAPRES14DEL02,26.0,4.7,26.88842,75.800689,26.93842,75.850689,2022-03-30,21:35,21:40,Cloudy,Jam,1,Drinks,scooter,1.0,No,Metropolitian,28,7.449051156906713,5.0,21,Night,2,0
0xb784,BANGRES16DEL03,33.0,4.6,13.029198,77.570997,13.119198,77.660997,2022-04-02,20:45,20:50,Sandstorms,Jam,2,Meal,motorcycle,1.0,No,Metropolitian,27,13.970572124439776,5.0,20,Night,5,1
0x161c,CHENRES06DEL01,38.0,3.7,13.054347,80.257221,13.164347,80.367221,2022-04-06,22:20,22:30,Fog,Low,1,Buffet,motorcycle,2.0,No,Metropolitian,37,17.07395729139767,10.0,22,Night,2,0
0x4167,CHENRES19DEL03,35.0,4.5,12.986047,80.218114,13.046047,80.278114,2022-03-26,21:20,21:30,Cloudy,Jam,1,Buffet,scooter,1.0,No,Metropolitian,29,9.314781588433535,10.0,21,Night,5,1
0xa3a5,MYSRES03DEL02,33.0,5.0,12.299524,76.64262,12.349524,76.69262,2022-03-05,17:45,17:50,Cloudy,Medium,2,Snack,electric_scooter,0.0,No,Metropolitian,19,7.772596236164787,5.0,17,Evening,5,1
0x8fb2,PUNERES15DEL02,29.0,4.0,18.636215,73.751081,18.716215,73.831081,2022-03-12,21:20,21:30,Stormy,Jam,0,Meal,motorcycle,1.0,No,Urban,33,12.253528674537144,10.0,21,Night,5,1
0x279c,COIMBRES15DEL01,33.0,4.7,11.006686,76.951736,11.046686,76.991736,2022-03-24,15:20,15:35,Windy,Medium,0,Buffet,motorcycle,1.0,No,Metropolitian,27,6.232341754608859,15.0,15,Evening,3,0
0x6b9f,RANCHIRES08DEL02,37.0,4.8,23.353783,85.326967,23.433783,85.406967,2022-03-20,21:00,21:05,Fog,Jam,2,Snack,electric_scooter,2.0,No,Metropolitian,40,12.074281945769359,5.0,21,Night,6,1
0x446f,JAPRES16DEL03,21.0,4.9,26.849596,75.800512,26.879596,75.830512,2022-04-03,20:00,20:10,Stormy,Jam,1,Snack,motorcycle,0.0,No,Urban,11,4.470286489434607,10.0,20,Night,6,1
0x38d0,VADRES13DEL02,35.0,4.9,22.310237,73.158921,22.440237,73.288921,2022-04-02,23:55,00:05,Windy,Low,1,Drinks,motorcycle,1.0,No,Metropolitian,28,19.68841340777118,10.0,23,Night,5,1
0x4e6c,COIMBRES05DEL01,34.0,4.7,11.022169,76.999594,11.062169,77.039594,2022-04-05,12:45,12:55,Fog,High,0,Drinks,motorcycle,0.0,No,Metropolitian,28,6.232180611484166,10.0,12,Afternoon,1,0
0x53f0,RANCHIRES08DEL01,38.0,4.8,23.353783,85.326967,23.463783,85.436967,2022-03-12,22:15,22:30,Windy,Low,0,Snack,motorcycle,1.0,No,Metropolitian,20,16.601276790345967,15.0,22,Night,5,1
0x5529,PUNERES20DEL02,30.0,4.6,18.592718,73.773572,18.642718,73.823572,2022-03-09,19:55,20:05,Sunny,Jam,2,Drinks,electric_scooter,1.0,No,Metropolitian,21,7.6597039787034085,10.0,19,Evening,2,0
0x3e30,SURRES09DEL01,32.0,4.9,21.175975,72.795503,21.285975,72.905503,2022-03-23,22:50,22:55,Stormy,Low,2,Meal,scooter,1.0,No,Metropolitian,29,16.72115728076054,5.0,22,Night,2,0
0x30dc,HYDRES19DEL01,23.0,4.6,17.458998,78.500366,17.498998,78.540366,2022-03-03,15:25,15:30,Cloudy,Medium,2,Meal,electric_scooter,0.0,No,Urban,11,6.14663364596065,5.0,15,Evening,3,0
0x2b23,MUMRES17DEL01,30.0,4.1,19.121999,72.908493,19.131999,72.918493,2022-03-26,10:10,10:20,Windy,Low,0,Buffet,motorcycle,0.0,No,Metropolitian,29,1.529743511582863,10.0,10,Morning,5,1
0xd343,ALHRES17DEL01,33.0,4.8,25.45235,81.841889,25.56235,81.951889,2022-02-14,17:10,17:20,Sunny,Medium,2,Buffet,scooter,1.0,No,Metropolitian,19,16.476437954273965,10.0,17,Evening,0,0
0x1d41,INDORES14DEL02,34.0,4.9,22.761593,75.886362,22.891593,76.016362,2022-03-31,21:15,21:30,Sandstorms,Jam,0,Drinks,motorcycle,1.0,Yes,Metropolitian,45,19.658727827948923,15.0,21,Night,3,0
0x2def,SURRES11DEL01,23.0,4.9,21.157735,72.768778,21.197735,72.808778,2022-03-03,14:40,14:55,Fog,High,0,Meal,motorcycle,1.0,No,Metropolitian,21,6.081440797008078,15.0,14,Afternoon,3,0
0x4ae3,MUMRES20DEL03,25.0,4.7,19.103249,72.846749,19.163249,72.906749,2022-03-13,22:00,22:05,Sunny,Jam,1,Buffet,scooter,1.0,No,Metropolitian,14,9.178296996538572,5.0,22,Night,6,1
0x26da,BANGRES06DEL03,30.0,4.4,12.979096,77.640625,13.009096,77.670625,2022-03-05,21:55,22:05,Windy,Jam,2,Meal,scooter,1.0,No,Metropolitian,33,4.657591594952301,10.0,21,Night,5,1
0x2308,INDORES15DEL03,27.0,5.0,22.760072,75.892574,22.790072,75.922574,2022-03-01,21:00,21:10,Fog,Jam,0,Meal,motorcycle,0.0,No,Metropolitian,29,4.537418110277337,10.0,21,Night,1,0
0x76d5,JAPRES19DEL01,31.0,4.8,26.913726,75.75282,27.023726,75.86282,2022-03-08,17:35,17:45,Fog,Medium,1,Snack,scooter,2.0,No,Urban,38,16.384351156454095,10.0,17,Evening,1,0
0xb637,BANGRES010DEL03,33.0,5.0,12.933298,77.614293,12.993298,77.674293,2022-03-19,20:35,20:40,Cloudy,Jam,2,Buffet,electric_scooter,0.0,No,Metropolitian,31,9.315745106316243,5.0,20,Night,5,1
0x48b0,HYDRES15DEL01,29.0,4.6,17.45971,78.368855,17.52971,78.438855,2022-04-02,18:40,18:55,Sunny,Medium,0,Meal,motorcycle,1.0,No,Metropolitian,20,10.756165907453589,15.0,18,Evening,5,1
0x123e,VADRES03DEL01,37.0,4.3,22.32,73.17,22.43,73.28,2022-03-20,21:25,21:40,Fog,Jam,2,Meal,scooter,2.0,No,Metropolitian,43,16.6594405791231,15.0,21,Night,6,1
0xb8de,CHENRES15DEL01,27.0,4.8,13.026286,80.275235,13.136286,80.385235,2022-03-29,23:35,23:45,Stormy,Low,0,Buffet,motorcycle,0.0,No,Metropolitian,24,17.074904296042025,10.0,23,Night,1,0
0xaf30,SURRES01DEL02,39.0,4.7,21.186438,72.794115,21.236438,72.844115,2022-03-19,22:45,22:50,Fog,Low,0,Meal,motorcycle,0.0,No,Metropolitian,27,7.600994631258685,5.0,22,Night,5,1
0x7782,HYDRES11DEL02,32.0,5.0,17.430448,78.418213,17.480448,78.468213,2022-03-05,20:45,21:00,Fog,Jam,1,Meal,motorcycle,2.0,No,Metropolitian,39,7.683765443180287,15.0,20,Night,5,1
0x6656,SURRES19DEL01,23.0,4.9,21.149669,72.772629,21.159669,72.782629,2022-04-01,09:00,09:05,Fog,Low,1,Drinks,motorcycle,0.0,No,Metropolitian,14,1.5204704557283455,5.0,9,Morning,4,0
0x3c1c,INDORES17DEL03,28.0,4.7,22.761226,75.887522,22.851226,75.977522,2022-03-10,21:15,21:20,Stormy,Jam,2,Snack,scooter,1.0,No,Metropolitian,21,13.61082462242586,5.0,21,Night,3,0
0xba6,INDORES20DEL03,30.0,4.8,22.732225,75.874765,22.822225,75.964765,2022-04-02,18:30,18:35,Fog,Medium,1,Snack,scooter,1.0,No,Metropolitian,38,13.612154686696366,5.0,18,Evening,5,1
0x8c98,JAPRES01DEL03,34.0,4.9,26.90519,75.810753,26.93519,75.840753,2022-03-17,21:50,22:00,Sunny,Jam,2,Meal,electric_scooter,1.0,No,Metropolitian,15,4.46931202175492,10.0,21,Night,3,0
0xc3d3,KNPRES02DEL01,21.0,4.8,26.471617,80.313564,26.511617,80.353564,2022-02-17,13:35,13:50,Windy,High,1,Drinks,motorcycle,1.0,No,Metropolitian,26,5.969043562149228,15.0,13,Afternoon,3,0
0x89af,HYDRES11DEL02,24.0,4.7,17.430448,78.418213,17.560448,78.548213,2022-03-27,22:40,22:50,Fog,Low,0,Drinks,motorcycle,1.0,No,Metropolitian,22,19.975696041451314,10.0,22,Night,6,1
0x1731,JAPRES04DEL01,39.0,5.0,26.902328,75.794257,26.972328,75.864257,2022-03-08,17:35,17:45,Stormy,Medium,0,Buffet,motorcycle,1.0,No,Unknown,38,10.42769256917753,10.0,17,Evening,1,0
0x8aa1,BANGRES18DEL03,38.0,4.6,12.913041,77.683237,13.003041,77.773237,2022-04-02,19:15,19:30,Sunny,Jam,2,Meal,motorcycle,1.0,No,Unknown,17,13.973760919164189,15.0,19,Evening,5,1
0x4cbb,RANCHIRES17DEL01,38.0,4.9,23.374878,85.335739,23.384878,85.345739,2022-03-03,11:35,11:45,Sandstorms,High,2,Drinks,motorcycle,1.0,No,Metropolitian,28,1.5093577696337532,10.0,11,Afternoon,3,0
0x4ac2,CHENRES07DEL01,38.0,4.3,13.081878,80.248519,13.191878,80.358519,2022-04-02,23:10,23:20,Fog,Low,0,Snack,motorcycle,0.0,No,Metropolitian,43,17.07302628964209,10.0,23,Night,5,1
0xbd39,VADRES05DEL01,24.0,4.7,22.310526,73.170937,22.380526,73.240937,2022-03-25,20:25,20:40,Windy,Jam,1,Buffet,scooter,1.0,No,Unknown,15,10.602497166339631,15.0,20,Night,4,0
0x4f68,RANCHIRES18DEL01,37.0,4.7,23.351489,85.324253,23.361489,85.334253,2022-03-09,11:20,11:30,Sunny,High,1,Drinks,motorcycle,1.0,No,Metropolitian,15,1.509479521227172,10.0,11,Afternoon,2,0
0x4def,BANGRES02DEL03,22.0,4.5,12.970221,77.645396,13.000221,77.675396,2022-03-03,21:20,21:30,Fog,Jam,0,Meal,motorcycle,1.0,No,Metropolitian,26,4.657672650623545,10.0,21,Night,3,0
0xc831,KOCRES04DEL02,28.0,4.6,9.966783,76.242981,9.986783,76.262981,2022-02-17,11:25,11:35,Fog,High,0,Snack,motorcycle,0.0,No,Metropolitian,21,3.121378243248519,10.0,11,Afternoon,3,0
0xb5e2,MYSRES16DEL02,22.0,4.9,12.316967,76.603067,12.446967,76.733067,2022-03-04,23:40,23:45,Stormy,Low,0,Buffet,motorcycle,1.0,No,Metropolitian,18,20.20658151050797,5.0,23,Night,4,0
0x270e,MUMRES02DEL03,34.0,5.0,19.221315,72.862381,19.311315,72.952381,2022-03-25,23:50,23:55,Stormy,Low,2,Buffet,scooter,0.0,No,Metropolitian,19,13.762197002525635,5.0,23,Night,4,0
0xe158,KNPRES16DEL03,28.0,4.8,26.482581,80.315628,26.512581,80.345628,2022-02-17,19:50,20:00,Stormy,Jam,2,Drinks,scooter,0.0,No,Urban,10,4.476679400517646,10.0,19,Evening,3,0
0x975d,INDORES02DEL02,24.0,4.5,22.651847,75.881991,22.731847,75.961991,2022-03-14,17:25,17:35,Cloudy,Medium,0,Buffet,motorcycle,1.0,No,Metropolitian,32,12.103166363270562,10.0,17,Evening,0,0
0x216a,JAPRES14DEL02,31.0,4.6,26.88842,75.800689,26.96842,75.880689,2022-03-10,19:25,19:30,Sunny,Jam,2,Drinks,electric_scooter,0.0,No,Metropolitian,16,11.917779612813971,5.0,19,Evening,3,0
0xa6cc,COIMBRES20DEL01,21.0,5.0,10.994136,76.963303,11.034136,77.003303,2022-03-05,16:40,16:50,Sunny,Medium,0,Snack,motorcycle,0.0,No,Urban,15,6.232472211118879,10.0,16,Evening,5,1
0x25ce,HYDRES05DEL03,26.0,4.7,17.433809,78.386744,17.493809,78.446744,2022-03-07,23:10,23:20,Fog,Low,0,Snack,motorcycle,1.0,No,Urban,22,9.220316822180319,10.0,23,Night,0,0
0x34bb,CHENRES03DEL01,38.0,4.2,13.091809,80.219104,13.131809,80.259104,2022-03-07,15:50,16:00,Windy,Medium,2,Drinks,scooter,1.0,No,Metropolitian,31,6.2086819840397665,10.0,15,Evening,0,0
0xc69b,AGRRES14DEL02,23.0,4.2,27.16185,78.040165,27.24185,78.120165,2022-02-16,18:45,18:55,Fog,Medium,2,Drinks,scooter,1.0,No,Metropolitian,36,11.904934021697233,10.0,18,Evening,2,0
0x7713,CHENRES16DEL03,36.0,4.2,13.049645,80.242268,13.139645,80.332268,2022-04-02,17:55,18:05,Sandstorms,Medium,2,Buffet,scooter,2.0,No,Urban,38,13.970007989574006,10.0,17,Evening,5,1
0x3065,VADRES01DEL02,39.0,4.3,22.307898,73.167788,22.387898,73.247788,2022-03-06,18:10,18:15,Stormy,Medium,1,Buffet,scooter,2.0,No,Metropolitian,34,12.117044368866695,5.0,18,Evening,6,1
0x54ba,SURRES11DEL01,25.0,4.9,21.157735,72.768778,21.167735,72.778778,2022-03-17,11:20,11:30,Cloudy,High,1,Drinks,motorcycle,0.0,No,Urban,30,1.5204319193295497,10.0,11,Afternoon,3,0
0xbb55,BANGRES05DEL01,38.0,4.7,12.970324,77.645748,13.010324,77.685748,2022-04-01,14:25,14:30,Cloudy,High,2,Meal,scooter,0.0,No,Metropolitian,29,6.210168035777162,5.0,14,Afternoon,4,0
0xa60d,HYDRES19DEL01,34.0,5.0,17.458998,78.500366,17.498998,78.540366,2022-03-11,12:10,12:25,Stormy,High,1,Buffet,motorcycle,1.0,No,Metropolitian,34,6.14663364596065,15.0,12,Afternoon,4,0
0xcf18,ALHRES05DEL01,29.0,4.7,25.457687,81.835585,25.497687,81.875585,2022-02-11,15:25,15:30,Cloudy,Medium,2,Buffet,motorcycle,1.0,No,Urban,11,5.992096714696517,5.0,15,Evening,4,0
0xd81a,GOARES01DEL02,39.0,4.6,15.576683,73.75575,15.626683,73.80575,2022-02-11,23:35,23:45,Windy,Low,2,Snack,scooter,0.0,No,Metropolitian,20,7.7191763867423395,10.0,23,Night,4,0
0x6f7f,PUNERES12DEL02,22.0,4.1,18.520016,73.830547,18.650016,73.960547,2022-03-25,20:40,20:50,Fog,Jam,2,Drinks,scooter,1.0,No,Metropolitian,39,19.91703823583007,10.0,20,Night,4,0
0x773,RANCHIRES20DEL03,37.0,4.8,23.39925,85.390464,23.45925,85.450464,2022-03-24,22:00,22:15,Cloudy,Jam,1,Meal,motorcycle,0.0,No,Metropolitian,26,9.054602228168925,15.0,22,Night,3,0
0x77af,INDORES14DEL01,24.0,4.6,22.761593,75.886362,22.831593,75.956362,2022-03-02,17:15,17:30,Windy,Medium,2,Buffet,motorcycle,0.0,No,Metropolitian,28,10.586541004121504,15.0,17,Evening,2,0
0x6bbf,SURRES04DEL03,32.0,5.0,21.173493,72.801953,21.233493,72.861953,2022-04-03,23:20,23:30,Sandstorms,Low,2,Snack,scooter,1.0,No,Metropolitian,27,9.121421674135904,10.0,23,Night,6,1
0x5aa4,BANGRES12DEL01,25.0,4.5,12.939496,77.625999,12.979496,77.665999,2022-03-15,14:25,14:30,Windy,High,1,Snack,scooter,1.0,No,Urban,16,6.210543032489626,5.0,14,Afternoon,1,0
0x4d71,INDORES18DEL01,21.0,4.7,22.753839,75.897429,22.863838,76.007429,2022-03-27,17:15,17:20,Sandstorms,Medium,0,Snack,motorcycle,1.0,No,Metropolitian,21,16.635223376953338,5.0,17,Evening,6,1
0x15f1,RANCHIRES15DEL01,25.0,4.7,23.369746,85.33982,23.439746,85.40982,2022-03-20,19:45,19:50,Stormy,Jam,1,Snack,motorcycle,0.0,No,Metropolitian,22,10.564596934158217,5.0,19,Evening,6,1
0x61eb,SURRES17DEL01,38.0,4.4,21.149569,72.772697,21.219569,72.842697,2022-03-25,17:35,17:40,Windy,Medium,0,Meal,motorcycle,3.0,No,Metropolitian,48,10.642292301678436,5.0,17,Evening,4,0
0x5959,HYDRES13DEL02,38.0,4.3,17.431477,78.40035,17.481477,78.45035,2022-03-21,21:25,21:30,Fog,Jam,2,Drinks,electric_scooter,1.0,No,Metropolitian,34,7.683744768651734,5.0,21,Night,0,0
0x9c4f,JAPRES18DEL01,22.0,4.8,26.913987,75.752891,26.923987,75.762891,2022-03-19,10:45,10:55,Windy,Low,2,Drinks,scooter,0.0,No,Metropolitian,10,1.489777721651655,10.0,10,Morning,5,1
0x94b5,CHENRES05DEL01,27.0,5.0,13.058616,80.264151,13.128616,80.334151,2022-03-27,17:55,18:10,Sandstorms,Medium,1,Meal,motorcycle,1.0,No,Metropolitian,28,10.865584127340643,15.0,17,Evening,6,1
0x8c75,INDORES15DEL02,30.0,4.4,22.760072,75.892574,22.840072,75.972574,2022-03-06,20:45,20:55,Windy,Jam,0,Meal,motorcycle,2.0,No,Metropolitian,41,12.098761963862449,10.0,20,Night,6,1
0xdb63,ALHRES19DEL01,28.0,4.9,25.457116,81.859682,25.467116,81.869682,2022-02-15,10:25,10:35,Fog,Low,0,Snack,motorcycle,1.0,No,Metropolitian,21,1.498111285910988,10.0,10,Morning,1,0
0xd2f1,BHPRES11DEL01,36.0,4.2,23.233219,77.433571,23.343219,77.543571,2022-02-14,20:30,20:40,Cloudy,Jam,2,Drinks,electric_scooter,1.0,No,Metropolitian,39,16.608175423267646,10.0,20,Night,0,0
0x5ff4,SURRES08DEL01,39.0,4.0,21.173343,72.792731,21.283343,72.902731,2022-03-27,18:45,18:50,Sandstorms,Medium,0,Buffet,motorcycle,1.0,No,Metropolitian,41,16.72129600980331,5.0,18,Evening,6,1
0x2123,PUNERES04DEL03,31.0,4.4,18.51421,73.838429,18.54421,73.868429,2022-03-13,19:15,19:30,Stormy,Jam,1,Meal,motorcycle,1.0,No,Metropolitian,34,4.596951629499114,15.0,19,Evening,6,1
0x4f8b,RANCHIRES06DEL02,29.0,4.9,23.357804,85.325146,23.377804,85.345146,2022-03-01,11:35,11:50,Stormy,High,2,Meal,scooter,1.0,No,Metropolitian,21,3.018841258628892,15.0,11,Afternoon,1,0
0x3bd0,INDORES12DEL02,28.0,4.7,22.74806,75.8934,22.87806,76.0234,2022-03-14,22:20,22:25,Cloudy,Low,2,Buffet,scooter,0.0,No,Urban,20,19.65962528368427,5.0,22,Night,0,0
0x141d,SURRES17DEL03,30.0,4.1,21.149569,72.772697,21.179569,72.802697,2022-03-21,21:10,21:15,Stormy,Jam,0,Buffet,motorcycle,0.0,No,Metropolitian,48,4.561269432005461,5.0,21,Night,0,0
0x4779,PUNERES04DEL02,36.0,4.8,18.51421,73.838429,18.64421,73.968429,2022-03-10,17:45,17:50,Stormy,Medium,1,Buffet,motorcycle,1.0,No,Metropolitian,24,19.917359352866203,5.0,17,Evening,3,0
0xa92c,BANGRES02DEL03,37.0,4.8,12.970221,77.645396,13.000221,77.675396,2022-03-07,22:45,22:55,Sandstorms,Low,2,Drinks,motorcycle,1.0,No,Metropolitian,22,4.657672650623545,10.0,22,Night,0,0
0xb51,PUNERES05DEL01,29.0,4.9,18.543626,73.905101,18.653626,74.015101,2022-03-25,22:20,22:30,Stormy,Low,0,Meal,motorcycle,1.0,No,Metropolitian,15,16.852241972645782,10.0,22,Night,4,0
0x825e,HYDRES09DEL01,29.0,4.8,17.431668,78.408321,17.501668,78.478321,2022-03-12,20:10,20:20,Cloudy,Jam,2,Drinks,scooter,1.0,No,Urban,38,10.756955716295083,10.0,20,Night,5,1
0xbec4,RANCHIRES16DEL01,25.0,4.6,23.371292,85.327872,23.441292,85.397872,2022-03-16,18:00,18:15,Stormy,Medium,2,Meal,scooter,0.0,No,Urban,18,10.564540523828974,15.0,18,Evening,2,0
0x95eb,PUNERES20DEL02,33.0,3.6,18.592718,73.773572,18.722718,73.903572,2022-03-12,23:50,00:05,Fog,Low,1,Snack,scooter,1.0,No,Urban,36,19.91300954559314,15.0,23,Night,5,1
0x4e4f,JAPRES07DEL03,39.0,4.8,26.766536,75.837333,26.856536,75.927333,2022-03-18,17:35,17:50,Sunny,Medium,2,Drinks,motorcycle,1.0,No,Metropolitian,23,13.413644078076244,15.0,17,Evening,4,0
0x7df5,BANGRES16DEL03,37.0,4.1,13.029198,77.570997,13.059198,77.600997,2022-03-15,17:45,18:00,Windy,Medium,0,Buffet,motorcycle,1.0,No,Metropolitian,38,4.65713301884333,15.0,17,Evening,1,0
0x7578,INDORES09DEL01,30.0,4.9,22.725835,75.887648,22.765835,75.927648,2022-04-03,12:15,12:30,Windy,High,1,Buffet,scooter,1.0,No,Metropolitian,30,6.050486021641428,15.0,12,Afternoon,6,1
0x9041,INDORES20DEL03,29.0,4.7,22.732225,75.874765,22.762225,75.904765,2022-03-17,17:35,17:50,Sandstorms,Medium,2,Meal,electric_scooter,1.0,No,Metropolitian,25,4.537843333696388,15.0,17,Evening,3,0
0x2779,JAPRES14DEL01,23.0,4.6,26.88842,75.800689,26.92842,75.840689,2022-03-24,16:00,16:05,Stormy,Medium,0,Buffet,motorcycle,1.0,No,Metropolitian,17,5.959357904254251,5.0,16,Evening,3,0
0x9c9a,COIMBRES02DEL01,33.0,4.4,11.022477,76.995667,11.092477,77.065667,2022-03-14,21:30,21:45,Windy,Jam,1,Meal,motorcycle,0.0,No,Urban,43,10.906036622245484,15.0,21,Night,0,0
0xd4d6,KOLRES17DEL01,32.0,4.7,22.569358,88.433452,22.579358,88.443452,2022-02-17,10:15,10:30,Sandstorms,Low,1,Drinks,motorcycle,1.0,No,Urban,26,1.5134910203793128,15.0,10,Morning,3,0
0x71b1,INDORES16DEL01,37.0,4.7,22.744648,75.894377,22.854648,76.004377,2022-04-02,17:25,17:40,Sandstorms,Medium,1,Drinks,scooter,1.0,No,Metropolitian,30,16.635820545592292,15.0,17,Evening,5,1
0x8278,SURRES13DEL01,29.0,4.8,21.170096,72.789122,21.280096,72.899122,2022-03-08,21:00,21:15,Windy,Jam,2,Buffet,electric_scooter,1.0,No,Metropolitian,27,16.72146713385881,15.0,21,Night,1,0
0x6d87,PUNERES14DEL02,33.0,4.7,18.516216,73.842527,18.596216,73.922527,2022-04-04,23:00,23:10,Fog,Low,0,Snack,motorcycle,2.0,No,Metropolitian,36,12.257619701209578,10.0,23,Night,0,0
0x356d,CHENRES08DEL01,36.0,4.8,13.022394,80.242439,13.062394,80.282439,2022-03-24,14:55,15:10,Stormy,High,2,Buffet,scooter,0.0,No,Metropolitian,26,6.20953271391644,15.0,14,Afternoon,3,0
0x5b1f,PUNERES11DEL02,39.0,4.8,18.533811,73.899315,18.583811,73.949315,2022-03-21,20:45,21:00,Sunny,Jam,0,Meal,motorcycle,1.0,No,Urban,25,7.660957436559021,15.0,20,Night,0,0
0x3ca4,VADRES20DEL01,30.0,4.6,22.311358,73.164798,22.351358,73.204798,2022-03-26,16:40,16:50,Windy,Medium,0,Snack,motorcycle,0.0,No,Urban,27,6.058853851669116,10.0,16,Evening,5,1
0x36af,COIMBRES16DEL03,23.0,4.7,11.010375,76.95295,11.040375,76.98295,2022-03-11,18:15,18:20,Fog,Medium,2,Buffet,motorcycle,1.0,No,Urban,15,4.674266565274251,5.0,18,Evening,4,0
0xb8a4,BANGRES010DEL01,22.0,4.9,12.933298,77.614293,13.003298,77.684293,2022-03-04,18:00,18:15,Cloudy,Medium,0,Snack,motorcycle,1.0,No,Metropolitian,39,10.868262820109699,15.0,18,Evening,4,0
0xb8d2,MUMRES07DEL02,26.0,4.6,19.091458,72.827808,19.141458,72.877808,2022-03-15,17:15,17:25,Windy,Medium,1,Drinks,scooter,0.0,No,Urban,21,7.648947507755509,10.0,17,Evening,1,0
0xa79c,JAPRES04DEL02,32.0,4.9,26.902328,75.794257,26.952328,75.844257,2022-03-26,22:45,22:55,Windy,Low,2,Buffet,motorcycle,1.0,No,Metropolitian,21,7.44864451602914,10.0,22,Night,5,1
0x1412,MYSRES02DEL03,26.0,4.7,12.304569,76.643622,12.364569,76.703622,2022-03-28,17:10,17:25,Fog,Medium,0,Drinks,motorcycle,0.0,No,Metropolitian,28,9.326940869812143,15.0,17,Evening,0,0
0x592b,RANCHIRES010DEL03,30.0,4.9,23.354422,85.3329,23.414422,85.3929,2022-03-01,17:25,17:35,Windy,Medium,0,Meal,motorcycle,0.0,No,Urban,29,9.056004306816446,10.0,17,Evening,1,0
0xa335,CHENRES17DEL01,37.0,4.1,13.045479,80.23311,13.055479,80.24311,2022-04-01,10:20,10:30,Sandstorms,Low,0,Drinks,motorcycle,1.0,No,Urban,28,1.5523584795777219,10.0,10,Morning,4,0
0x9048,RANCHIRES13DEL03,31.0,4.8,23.374989,85.335486,23.404989,85.365486,2022-03-19,22:55,23:00,Sunny,Low,0,Meal,motorcycle,1.0,No,Metropolitian,23,4.527915278149081,5.0,22,Night,5,1
0x83fb,MUMRES04DEL02,36.0,4.8,19.254567,72.848923,19.334567,72.928923,2022-03-27,22:55,23:00,Sunny,Low,1,Snack,scooter,1.0,No,Metropolitian,26,12.232070021478211,5.0,22,Night,6,1
0x2447,RANCHIRES04DEL01,34.0,4.9,23.359033,85.325347,23.469033,85.435347,2022-03-14,21:55,22:00,Sunny,Jam,0,Drinks,motorcycle,1.0,No,Metropolitian,38,16.600975700594585,5.0,21,Night,0,0
0x6f6b,PUNERES010DEL03,21.0,5.0,18.539299,73.897902,18.569299,73.927902,2022-03-24,17:20,17:30,Cloudy,Medium,2,Meal,electric_scooter,1.0,No,Metropolitian,14,4.59663204175947,10.0,17,Evening,3,0
0xabd0,MUMRES05DEL03,30.0,4.8,18.927584,72.832585,18.987584,72.892585,2022-03-26,23:55,00:00,Sunny,Low,1,Meal,scooter,1.0,No,Urban,16,9.182882169250194,5.0,23,Night,5,1
0xc1a7,GOARES12DEL02,29.0,4.4,15.516833,73.768172,15.536833,73.788172,2022-02-17,08:45,08:55,Windy,Low,0,Snack,motorcycle,1.0,No,Metropolitian,16,3.08821143106593,10.0,8,Morning,3,0
0x2a56,SURRES12DEL01,37.0,4.4,21.183434,72.814492,21.223434,72.854492,2022-03-24,12:50,12:55,Fog,High,2,Buffet,scooter,0.0,No,Metropolitian,36,6.080949025950904,5.0,12,Afternoon,3,0
0xd372,AGRRES13DEL03,33.0,4.8,27.159795,78.04299,27.219795,78.10299,2022-02-13,21:35,21:50,Stormy,Jam,1,Buffet,scooter,0.0,No,Metropolitian,30,8.929127167629229,15.0,21,Night,6,1
0x485f,SURRES15DEL02,39.0,4.7,21.160522,72.771477,21.210522,72.821477,2022-03-05,18:55,19:05,Sunny,Medium,0,Meal,motorcycle,0.0,No,Metropolitian,29,7.601614738321588,10.0,18,Evening,5,1
0x12f0,COIMBRES14DEL01,25.0,4.7,11.003681,76.975525,11.073681,77.045525,2022-03-12,21:15,21:20,Sandstorms,Jam,0,Snack,motorcycle,1.0,No,Metropolitian,32,10.906379374468557,5.0,21,Night,5,1
0xc87c,BHPRES03DEL03,21.0,4.7,23.214294,77.435361,23.274294,77.495361,2022-02-17,20:45,20:55,Fog,Jam,0,Snack,motorcycle,1.0,No,Metropolitian,29,9.060372371427242,10.0,20,Night,3,0
0x877b,VADRES06DEL02,32.0,4.9,22.31279,73.170283,22.44279,73.300283,2022-03-14,19:30,19:45,Cloudy,Jam,0,Meal,motorcycle,1.0,No,Metropolitian,41,19.688246931881576,15.0,19,Evening,0,0
0x52d5,JAPRES20DEL03,34.0,4.3,26.956431,75.776649,26.986431,75.806649,2022-03-11,20:40,20:45,Fog,Jam,1,Buffet,scooter,1.0,No,Metropolitian,32,4.4684124412647535,5.0,20,Night,4,0
0x176c,SURRES16DEL03,32.0,4.7,21.160437,72.774209,21.220437,72.834209,2022-03-17,23:10,23:15,Fog,Low,0,Buffet,motorcycle,1.0,No,Metropolitian,26,9.121796528794311,5.0,23,Night,3,0
0x55d1,RANCHIRES05DEL03,23.0,4.7,23.355164,85.324097,23.415164,85.384097,2022-04-05,20:40,20:55,Stormy,Jam,2,Meal,motorcycle,0.0,No,Metropolitian,21,9.055981117924203,15.0,20,Night,1,0
0x8f8a,INDORES08DEL02,20.0,4.9,22.725748,75.898497,22.775748,75.948497,2022-03-13,21:00,21:15,Cloudy,Jam,2,Buffet,scooter,1.0,No,Urban,33,7.562982485200135,15.0,21,Night,6,1
0xd161,LUDHRES04DEL03,21.0,4.9,30.914057,75.83982,30.944057,75.86982,2022-02-11,18:55,19:10,Sunny,Medium,1,Snack,scooter,1.0,No,Metropolitian,19,4.395007361329002,15.0,18,Evening,4,0
0x4143,MUMRES05DEL01,36.0,4.9,18.927584,72.832585,18.937584,72.842585,2022-03-21,11:35,11:40,Stormy,High,0,Drinks,motorcycle,1.0,No,Metropolitian,44,1.53058864856925,5.0,11,Afternoon,0,0
0x92a5,RANCHIRES01DEL03,36.0,4.6,23.416792,85.316842,23.476792,85.376842,2022-03-01,22:45,22:55,Windy,Low,2,Meal,scooter,1.0,No,Urban,20,9.054052950169497,10.0,22,Night,1,0
0x788a,PUNERES04DEL03,30.0,4.5,18.51421,73.838429,18.57421,73.898429,2022-03-13,17:55,18:00,Sunny,Medium,1,Drinks,motorcycle,1.0,No,Metropolitian,17,9.193520993944182,5.0,17,Evening,6,1
0x615d,BANGRES010DEL03,30.0,4.5,12.933298,77.614293,13.023298,77.704293,2022-04-06,17:25,17:30,Windy,Medium,1,Snack,scooter,1.0,No,Urban,23,13.973206773137713,5.0,17,Evening,2,0
0x9da0,JAPRES09DEL03,38.0,4.3,26.911378,75.789034,26.971378,75.849034,2022-03-01,18:20,18:25,Fog,Medium,0,Drinks,motorcycle,1.0,No,Metropolitian,33,8.937880155829204,5.0,18,Evening,1,0
0x3002,RANCHIRES11DEL02,21.0,4.8,23.359194,85.325447,23.489194,85.455447,2022-03-29,19:55,20:05,Sandstorms,Jam,2,Buffet,electric_scooter,0.0,No,Urban,17,19.618645096414927,10.0,19,Evening,1,0
0xa57,COIMBRES18DEL01,26.0,4.8,11.02091,76.940432,11.06091,76.980432,2022-03-11,15:35,15:40,Sandstorms,Medium,1,Drinks,motorcycle,1.0,No,Metropolitian,25,6.232193723015724,5.0,15,Evening,4,0
0x3411,SURRES14DEL03,36.0,4.5,21.157729,72.768726,21.187729,72.798726,2022-03-17,19:30,19:40,Sunny,Jam,2,Meal,scooter,0.0,No,Metropolitian,21,4.5611524272563715,10.0,19,Evening,3,0
0x72e,VADRES19DEL01,30.0,4.7,22.311844,73.165081,22.421844,73.275081,2022-03-20,19:55,20:00,Sandstorms,Jam,0,Meal,motorcycle,1.0,No,Metropolitian,34,16.659890497111146,5.0,19,Evening,6,1
0x6ff2,JAPRES15DEL02,24.0,4.6,26.891191,75.802083,26.911191,75.822083,2022-03-26,10:15,10:30,Cloudy,Low,0,Snack,motorcycle,1.0,No,Urban,19,2.979763497462109,15.0,10,Morning,5,1
0x4853,COIMBRES15DEL03,21.0,4.8,11.006686,76.951736,11.066686,77.011736,2022-04-01,20:45,20:50,Fog,Jam,2,Drinks,motorcycle,0.0,No,Metropolitian,23,9.348356419300423,5.0,20,Night,4,0
0xa650,COIMBRES02DEL01,23.0,4.7,11.022477,76.995667,11.132477,77.105667,2022-03-20,17:15,17:20,Stormy,Medium,1,Meal,motorcycle,1.0,No,Metropolitian,21,17.137482577838597,5.0,17,Evening,6,1
0x8b3e,CHENRES18DEL02,37.0,4.8,12.981615,80.231598,13.031615,80.281598,2022-03-26,23:20,23:35,Sunny,Low,2,Meal,scooter,1.0,No,Urban,12,7.762461854550194,15.0,23,Night,5,1
0x42e6,RANCHIRES18DEL01,39.0,4.7,23.351489,85.324253,23.421489,85.394253,2022-03-27,18:45,19:00,Windy,Medium,1,Meal,motorcycle,0.0,No,Urban,26,10.565262855251525,15.0,18,Evening,6,1
0x7f8a,CHENRES12DEL03,32.0,4.5,12.972793,80.249982,13.062793,80.339982,2022-03-02,22:10,22:25,Stormy,Low,0,Snack,motorcycle,0.0,No,Metropolitian,24,13.972123977178622,15.0,22,Night,2,0
0x48fe,HYDRES15DEL03,35.0,4.7,17.45971,78.368855,17.51971,78.428855,2022-03-07,18:30,18:45,Sandstorms,Medium,0,Drinks,motorcycle,1.0,No,Metropolitian,29,9.219691659523848,15.0,18,Evening,0,0
0x5e30,VADRES20DEL01,31.0,4.7,22.311358,73.164798,22.421358,73.274798,2022-03-02,22:20,22:35,Windy,Low,2,Buffet,motorcycle,1.0,No,Unknown,21,16.659917302375398,15.0,22,Night,2,0
0x741c,MUMRES010DEL02,24.0,4.6,19.003517,72.82765,19.023517,72.84765,2022-03-13,10:35,10:45,Fog,Low,1,Drinks,scooter,1.0,No,Urban,12,3.060475538709063,10.0,10,Morning,6,1
0x86b4,COIMBRES04DEL02,30.0,4.5,11.024839,77.007003,11.104839,77.087003,2022-03-31,17:25,17:30,Windy,Medium,2,Snack,electric_scooter,1.0,No,Metropolitian,26,12.463888116757749,5.0,17,Evening,3,0
0x7b2,SURRES12DEL02,34.0,4.3,21.183434,72.814492,21.313434,72.944492,2022-03-16,23:35,23:40,Cloudy,Low,1,Buffet,scooter,0.0,No,Metropolitian,37,19.76027880154466,5.0,23,Night,2,0
0x5f8e,CHENRES05DEL01,36.0,5.0,13.058616,80.264151,13.068616,80.274151,2022-03-24,08:40,08:50,Sunny,Low,1,Drinks,motorcycle,0.0,No,Metropolitian,13,1.5523182877499084,10.0,8,Morning,3,0
0x5051,PUNERES07DEL01,21.0,4.7,18.546947,73.900626,18.556947,73.910626,2022-04-03,08:15,08:30,Cloudy,Low,1,Drinks,motorcycle,1.0,No,Metropolitian,16,1.5322206834602052,15.0,8,Morning,6,1
0xc5e2,ALHRES08DEL01,31.0,4.6,25.450329,81.834279,25.520329,81.904279,2022-02-14,17:35,17:45,Sunny,Medium,2,Drinks,motorcycle,0.0,No,Metropolitian,19,10.485869597395448,10.0,17,Evening,0,0
0xde0a,KNPRES16DEL01,31.0,4.7,26.482581,80.315628,26.592581,80.425628,2022-02-12,23:55,00:10,Sunny,Low,0,Meal,motorcycle,1.0,No,Urban,25,16.411946865277123,15.0,23,Night,5,1
0xb1e8,INDORES02DEL03,33.0,4.2,22.651847,75.881991,22.741847,75.971991,2022-03-27,19:15,19:25,Cloudy,Jam,2,Snack,scooter,1.0,No,Metropolitian,45,13.615833459011268,10.0,19,Evening,6,1
0x55f9,CHENRES05DEL01,26.0,4.8,13.058616,80.264151,13.098616,80.304151,2022-03-15,16:20,16:30,Cloudy,Medium,2,Snack,scooter,1.0,No,Urban,17,6.209089325963786,10.0,16,Evening,1,0
0x4183,BANGRES12DEL02,36.0,5.0,12.939496,77.625999,13.069496,77.755999,2022-03-16,19:45,19:50,Sunny,Jam,0,Drinks,motorcycle,0.0,No,Metropolitian,41,20.182482607604513,5.0,19,Evening,2,0
0x8994,INDORES05DEL03,27.0,4.5,22.727021,75.884167,22.817021,75.974167,2022-04-06,22:10,22:25,Cloudy,Low,0,Meal,motorcycle,0.0,No,Metropolitian,23,13.612393202818852,15.0,22,Night,2,0
0x322a,SURRES08DEL01,35.0,4.1,21.173343,72.792731,21.213343,72.832731,2022-03-03,13:20,13:30,Cloudy,High,2,Snack,scooter,1.0,No,Metropolitian,35,6.081142187746012,10.0,13,Afternoon,3,0
0x6ac0,MYSRES11DEL01,35.0,4.9,12.323225,76.630028,12.333225,76.640028,2022-03-03,11:35,11:50,Windy,High,0,Meal,motorcycle,1.0,No,Metropolitian,47,1.554508559519504,15.0,11,Afternoon,3,0
0xb1ff,MYSRES19DEL01,35.0,4.6,12.334022,76.618203,12.444022,76.728203,2022-03-20,17:50,18:05,Sunny,Medium,0,Buffet,motorcycle,1.0,No,Urban,30,17.097651549864548,15.0,17,Evening,6,1
0x235b,CHENRES09DEL03,33.0,4.8,13.044694,80.26147,13.074694,80.29147,2022-03-24,23:00,23:05,Sunny,Low,0,Meal,motorcycle,1.0,No,Metropolitian,24,4.656990844808267,5.0,23,Night,3,0
0x19c8,MUMRES04DEL02,29.0,4.3,19.254567,72.848923,19.274567,72.868923,2022-03-21,09:40,09:55,Sandstorms,Low,0,Drinks,motorcycle,1.0,No,Metropolitian,20,3.058281575249995,15.0,9,Morning,0,0
0x451d,RANCHIRES13DEL02,32.0,4.2,23.374989,85.335486,23.454989,85.415486,2022-03-20,20:10,20:20,Sandstorms,Jam,2,Buffet,motorcycle,1.0,No,Metropolitian,42,12.073397681482605,10.0,20,Night,6,1
0x52be,JAPRES010DEL03,28.0,4.1,26.921411,75.793604,26.981411,75.853604,2022-04-05,23:55,00:05,Stormy,Low,0,Snack,motorcycle,1.0,No,Urban,19,8.937527873529229,10.0,23,Night,1,0
0xaec7,MYSRES15DEL01,25.0,4.7,12.352058,76.60665,12.462058,76.71665,2022-03-16,19:55,20:05,Stormy,Jam,0,Snack,motorcycle,0.0,No,Metropolitian,25,17.0970739431768,10.0,19,Evening,2,0
0xd963,KOLRES11DEL01,28.0,4.9,22.577821,88.400581,22.617821,88.440581,2022-02-11,14:50,15:05,Stormy,High,0,Meal,motorcycle,1.0,No,Urban,22,6.0534894406747055,15.0,14,Afternoon,4,0
0x981d,HYDRES13DEL02,28.0,5.0,17.431477,78.40035,17.451477,78.42035,2022-03-15,09:55,10:00,Sunny,Low,1,Meal,motorcycle,0.0,No,Metropolitian,24,3.073618468414786,5.0,9,Morning,1,0
0x13e5,MUMRES04DEL01,21.0,4.7,19.254567,72.848923,19.294567,72.888923,2022-03-11,12:45,12:55,Sunny,High,2,Snack,scooter,1.0,No,Metropolitian,15,6.116387229265562,10.0,12,Afternoon,4,0
0x3598,PUNERES02DEL03,37.0,4.9,18.55144,73.804855,18.58144,73.834855,2022-03-11,22:35,22:50,Cloudy,Low,1,Drinks,motorcycle,1.0,No,Urban,19,4.596477246826326,15.0,22,Night,4,0
0x8c20,BANGRES14DEL02,38.0,4.1,12.949934,77.699386,13.029934,77.779386,2022-03-18,19:30,19:45,Stormy,Jam,1,Meal,motorcycle,1.0,No,Metropolitian,32,12.420345124240976,15.0,19,Evening,4,0
0xdc09,ALHRES12DEL01,23.0,4.8,25.443994,81.860187,25.553994,81.970187,2022-02-18,17:50,18:05,Stormy,Medium,1,Buffet,motorcycle,1.0,No,Metropolitian,24,16.47695255795527,15.0,17,Evening,4,0
0xd53d,KNPRES20DEL02,23.0,4.8,26.47,80.35,26.55,80.43,2022-02-16,19:50,19:55,Sandstorms,Jam,1,Meal,motorcycle,1.0,No,Metropolitian,26,11.937237212390604,5.0,19,Evening,2,0
0xc659,KOCRES01DEL02,35.0,4.6,9.979363,76.285001,10.109363,76.415001,2022-02-14,18:00,18:05,Stormy,Medium,1,Drinks,scooter,0.0,No,Urban,30,20.286876645336932,5.0,18,Evening,0,0
0x2ad4,HYDRES03DEL01,33.0,4.1,17.422819,78.449578,17.532819,78.559578,2022-03-23,20:45,20:50,Windy,Jam,1,Drinks,scooter,0.0,No,Metropolitian,32,16.9032932130662,5.0,20,Night,2,0
0xb419,PUNERES12DEL02,20.0,4.6,18.520016,73.830547,18.600016,73.910547,2022-03-14,20:25,20:40,Windy,Jam,1,Buffet,scooter,1.0,No,Metropolitian,23,12.257490517738452,15.0,20,Night,0,0
0xc8d9,ALHRES05DEL03,32.0,4.6,25.457687,81.835585,25.487687,81.865585,2022-02-13,17:55,18:00,Fog,Medium,2,Snack,motorcycle,0.0,No,Metropolitian,15,4.494156473629653,5.0,17,Evening,6,1
0x82ee,INDORES17DEL03,36.0,5.0,22.761226,75.887522,22.851226,75.977522,2022-04-06,22:20,22:35,Fog,Low,1,Buffet,scooter,1.0,No,Metropolitian,27,13.61082462242586,15.0,22,Night,2,0
0x6be5,JAPRES01DEL03,35.0,4.1,26.90519,75.810753,26.99519,75.900753,2022-04-02,23:55,00:10,Fog,Low,0,Snack,motorcycle,1.0,Yes,Metropolitian,43,13.40635545530559,15.0,23,Night,5,1
0xad15,SURRES010DEL01,36.0,4.8,21.17106,72.789292,21.18106,72.799292,2022-04-05,08:15,08:20,Stormy,Low,2,Buffet,scooter,1.0,No,Metropolitian,22,1.5203682291094078,5.0,8,Morning,1,0
0x8de1,INDORES02DEL02,21.0,4.9,22.651847,75.881991,22.701847,75.931991,2022-04-05,22:45,22:50,Sunny,Low,0,Snack,motorcycle,0.0,No,Metropolitian,13,7.564859910416516,5.0,22,Night,1,0
0x1dae,INDORES01DEL01,31.0,4.8,22.695207,75.866059,22.705207,75.876059,2022-03-26,08:20,08:25,Sunny,Low,1,Buffet,scooter,1.0,No,Urban,13,1.5128534404983927,5.0,8,Morning,5,1
0xc952,KOCRES02DEL03,38.0,4.8,10.028047,76.310019,10.118047,76.400019,2022-02-18,23:35,23:50,Windy,Low,0,Drinks,motorcycle,0.0,No,Urban,23,14.044147682130108,15.0,23,Night,4,0
0x6e79,JAPRES02DEL03,24.0,4.9,26.914142,75.805704,26.944142,75.835704,2022-04-03,19:55,20:10,Stormy,Jam,2,Buffet,electric_scooter,0.0,No,Metropolitian,24,4.4691549592640305,15.0,19,Evening,6,1
0x3b83,CHENRES03DEL02,36.0,4.7,13.091809,80.219104,13.171809,80.299104,2022-03-14,23:20,23:30,Sandstorms,Low,1,Buffet,scooter,1.0,No,Metropolitian,27,12.41687169160696,10.0,23,Night,0,0
0x97ae,BANGRES09DEL01,22.0,4.2,12.934179,77.615797,12.944179,77.625797,2022-03-11,08:35,08:45,Windy,Low,0,Drinks,motorcycle,0.0,No,Unknown,15,1.552697443893239,10.0,8,Morning,4,0
0x78ba,COIMBRES09DEL01,30.0,4.7,11.008638,76.984311,11.048638,77.024311,2022-04-05,12:35,12:40,Cloudy,High,0,Drinks,motorcycle,1.0,No,Metropolitian,30,6.232321450753526,5.0,12,Afternoon,1,0
0x82bc,COIMBRES010DEL03,39.0,5.0,11.003008,76.97544,11.093008,77.06544,2022-03-16,22:50,22:55,Windy,Low,2,Drinks,scooter,0.0,No,Metropolitian,28,14.022268860182423,5.0,22,Night,2,0
0xcefd,ALHRES14DEL03,23.0,4.3,25.459775,81.834841,25.519775,81.894841,2022-02-13,21:40,21:55,Sandstorms,Jam,0,Meal,motorcycle,2.0,No,Metropolitian,38,8.98773907634356,15.0,21,Night,6,1
0x9a74,PUNERES14DEL02,31.0,4.7,18.516216,73.842527,18.646216,73.972527,2022-03-10,22:25,22:40,Stormy,Low,2,Meal,electric_scooter,0.0,No,Metropolitian,21,19.917248415728803,15.0,22,Night,3,0
0xc4ad,ALHRES01DEL02,33.0,4.7,25.454648,81.834502,25.534648,81.914502,2022-02-14,17:15,17:25,Cloudy,Medium,0,Snack,motorcycle,2.0,No,Metropolitian,43,11.983433564440732,10.0,17,Evening,0,0
0xc88c,LUDHRES04DEL01,21.0,4.5,30.914057,75.83982,30.924057,75.84982,2022-02-13,09:10,09:20,Windy,Low,2,Drinks,electric_scooter,1.0,No,Metropolitian,13,1.4650674052309467,10.0,9,Morning,6,1
0x5129,BANGRES15DEL02,20.0,4.6,12.975377,77.696664,13.025377,77.746664,2022-03-26,17:35,17:45,Windy,Medium,1,Meal,scooter,1.0,No,Metropolitian,26,7.762556904358444,10.0,17,Evening,5,1
0xb1c,CHENRES13DEL02,20.0,5.0,13.027018,80.254791,13.047018,80.274791,2022-03-01,08:25,08:40,Fog,Low,1,Drinks,motorcycle,1.0,No,Metropolitian,18,3.1047992381869647,15.0,8,Morning,1,0
0xbb29,MUMRES11DEL03,36.0,4.9,18.994237,72.825553,19.054237,72.885553,2022-03-09,23:10,23:25,Stormy,Low,2,Snack,electric_scooter,0.0,No,Metropolitian,21,9.181146899051038,15.0,23,Night,2,0
0xda65,BHPRES13DEL01,32.0,4.4,23.230791,77.43702,23.270791,77.47702,2022-02-13,14:15,14:20,Stormy,High,0,Snack,motorcycle,1.0,No,Metropolitian,36,6.040113680144922,5.0,14,Afternoon,6,1
0x19d6,RANCHIRES13DEL03,31.0,4.8,23.374989,85.335486,23.434989,85.395486,2022-03-30,19:40,19:45,Sunny,Jam,1,Snack,scooter,0.0,No,Metropolitian,20,9.055361318453961,5.0,19,Evening,2,0
0xbd79,JAPRES14DEL01,29.0,4.9,26.88842,75.800689,26.99842,75.910689,2022-03-25,23:00,23:10,Sandstorms,Low,2,Drinks,motorcycle,1.0,No,Metropolitian,14,16.38598063528554,10.0,23,Night,4,0
0xa722,CHENRES07DEL01,23.0,4.7,13.081878,80.248519,13.091878,80.258519,2022-03-07,11:35,11:50,Windy,High,0,Snack,motorcycle,0.0,No,Metropolitian,34,1.5522470243420694,15.0,11,Afternoon,0,0
0x4040,HYDRES16DEL03,30.0,4.8,17.440827,78.393391,17.470827,78.423391,2022-03-26,23:25,23:30,Sunny,Low,2,Meal,motorcycle,1.0,No,Metropolitian,12,4.610254758948449,5.0,23,Night,5,1
0x336e,RANCHIRES16DEL01,27.0,4.6,23.371292,85.327872,23.411292,85.367872,2022-04-01,12:55,13:00,Windy,High,0,Drinks,motorcycle,1.0,No,Urban,24,6.037193175494637,5.0,12,Afternoon,4,0
0xa170,HYDRES04DEL01,38.0,3.9,17.411028,78.329645,17.521028,78.439645,2022-03-23,18:00,18:05,Windy,Medium,2,Drinks,scooter,1.0,No,Metropolitian,34,16.903814838158784,5.0,18,Evening,2,0
0x8c5d,MYSRES05DEL03,36.0,4.6,12.323978,76.627961,12.353978,76.657961,2022-03-05,20:10,20:25,Sandstorms,Jam,1,Meal,motorcycle,1.0,No,Metropolitian,33,4.663432201620595,15.0,20,Night,5,1
0xc88d,GOARES04DEL01,36.0,4.9,15.5696,73.742294,15.6396,73.812294,2022-02-12,23:25,23:30,Stormy,Low,0,Buffet,motorcycle,1.0,No,Urban,26,10.806772793809738,5.0,23,Night,5,1
0x6813,SURRES08DEL01,38.0,4.9,21.173343,72.792731,21.213343,72.832731,2022-03-13,16:50,17:05,Sandstorms,Medium,2,Snack,electric_scooter,1.0,No,Unknown,30,6.081142187746012,15.0,16,Evening,6,1
0x824d,PUNERES01DEL01,36.0,4.6,18.569156,73.774723,18.579156,73.784723,2022-03-21,08:55,09:05,Cloudy,Low,2,Buffet,scooter,1.0,No,Metropolitian,15,1.5321262845594088,10.0,8,Morning,0,0
0x95e9,VADRES19DEL02,27.0,4.6,22.311844,73.165081,22.441844,73.295081,2022-03-04,21:00,21:15,Fog,Jam,0,Buffet,motorcycle,1.0,Yes,Metropolitian,49,19.688308620509062,15.0,21,Night,4,0
0x8186,SURRES01DEL02,34.0,4.7,21.186438,72.794115,21.206438,72.814115,2022-03-15,11:55,12:10,Stormy,High,2,Drinks,electric_scooter,1.0,No,Metropolitian,34,3.0405415100027917,15.0,11,Afternoon,1,0
0x6a5e,MUMRES12DEL02,26.0,4.7,19.207222,72.972281,19.227222,72.992281,2022-03-09,09:30,09:45,Cloudy,Low,0,Snack,motorcycle,0.0,No,Metropolitian,20,3.058697313879674,15.0,9,Morning,2,0
0x3718,JAPRES010DEL03,24.0,4.9,26.921411,75.793604,26.951411,75.823604,2022-03-07,21:15,21:25,Windy,Jam,1,Snack,motorcycle,0.0,No,Metropolitian,14,4.469027394505617,10.0,21,Night,0,0
0xc48c,BHPRES16DEL02,28.0,4.8,23.264015,77.408236,23.314015,77.458236,2022-02-17,23:25,23:40,Sunny,Low,0,Drinks,motorcycle,0.0,No,Metropolitian,14,7.5491507095909745,15.0,23,Night,3,0
0x1695,MUMRES02DEL01,21.0,4.6,19.221315,72.862381,19.261315,72.902381,2022-03-30,14:45,15:00,Sandstorms,High,0,Snack,motorcycle,1.0,No,Metropolitian,16,6.116971669682334,15.0,14,Afternoon,2,0
0x20b0,INDORES03DEL01,39.0,4.6,22.751857,75.866699,22.861857,75.976699,2022-03-20,21:45,22:00,Cloudy,Jam,2,Buffet,scooter,2.0,No,Metropolitian,35,16.63541627418215,15.0,21,Night,6,1
0x7dcb,MYSRES18DEL03,38.0,4.7,12.337928,76.617889,12.397928,76.677889,2022-03-26,23:25,23:40,Fog,Low,1,Snack,motorcycle,1.0,No,Urban,17,9.326360257118816,15.0,23,Night,5,1
0x532d,RANCHIRES010DEL01,33.0,4.9,23.354422,85.3329,23.424422,85.4029,2022-03-29,19:40,19:55,Fog,Jam,1,Snack,scooter,0.0,No,Urban,49,10.565155904264532,15.0,19,Evening,1,0
0xbed0,BANGRES13DEL02,28.0,4.2,12.935662,77.61413,12.985662,77.66413,2022-03-26,19:30,19:40,Cloudy,Jam,2,Meal,scooter,1.0,No,Metropolitian,33,7.763161028493024,10.0,19,Evening,5,1
0x45c0,JAPRES17DEL01,28.0,4.0,26.892312,75.806896,26.962312,75.876896,2022-03-02,17:35,17:40,Cloudy,Medium,2,Meal,motorcycle,1.0,No,Metropolitian,38,10.428102699087153,5.0,17,Evening,2,0
0x1034,INDORES03DEL03,21.0,4.7,22.751857,75.866699,22.811857,75.926699,2022-03-09,22:30,22:45,Fog,Low,2,Snack,electric_scooter,0.0,No,Metropolitian,12,9.07462863182012,15.0,22,Night,2,0
0x8eb0,HYDRES08DEL03,35.0,4.8,17.438263,78.397865,17.498263,78.457865,2022-03-01,18:30,18:40,Stormy,Medium,1,Snack,scooter,1.0,No,Metropolitian,31,9.220209378254708,10.0,18,Evening,1,0
0x46bb,INDORES03DEL01,24.0,4.9,22.751857,75.866699,22.821857,75.936699,2022-03-12,20:55,21:05,Fog,Jam,2,Meal,scooter,0.0,No,Metropolitian,33,10.586888296813116,10.0,20,Night,5,1
0xb502,RANCHIRES06DEL01,36.0,4.7,23.357804,85.325146,23.467804,85.435146,2022-03-10,18:10,18:15,Sunny,Medium,0,Drinks,motorcycle,2.0,No,Metropolitian,38,16.601046189403377,5.0,18,Evening,3,0
0xc1fe,KNPRES19DEL01,28.0,4.9,26.49095,80.318656,26.56095,80.388656,2022-02-12,23:40,23:50,Windy,Low,2,Drinks,motorcycle,1.0,No,Urban,15,10.444437629135967,10.0,23,Night,5,1
0x5c68,MUMRES09DEL01,29.0,4.8,18.994049,72.825203,19.104049,72.935203,2022-04-04,22:45,23:00,Windy,Low,1,Meal,scooter,0.0,No,Urban,14,16.830914549955864,15.0,22,Night,0,0
0x7bbf,INDORES04DEL02,24.0,4.5,22.753659,75.903365,22.883659,76.033365,2022-03-06,19:30,19:45,Sunny,Jam,2,Snack,electric_scooter,0.0,No,Metropolitian,15,19.65925403510922,15.0,19,Evening,6,1
0x7b74,SURRES13DEL02,39.0,4.8,21.170096,72.789122,21.190096,72.809122,2022-03-19,10:25,10:40,Stormy,Low,1,Drinks,motorcycle,0.0,No,Metropolitian,29,3.040697853651633,15.0,10,Morning,5,1
0x2671,COIMBRES02DEL01,31.0,4.8,11.022477,76.995667,11.032477,77.005667,2022-03-11,10:00,10:10,Sunny,Low,1,Snack,motorcycle,0.0,No,Metropolitian,16,1.5580833985948437,10.0,10,Morning,4,0
0xb4da,HYDRES02DEL01,36.0,4.8,17.41233,78.449654,17.48233,78.519654,2022-03-18,21:15,21:25,Fog,Jam,0,Meal,motorcycle,0.0,No,Metropolitian,52,10.757499697083244,10.0,21,Night,4,0
0x1cae,BANGRES12DEL02,39.0,4.7,12.939496,77.625999,12.989496,77.675999,2022-03-21,23:15,23:20,Sandstorms,Low,2,Meal,scooter,1.0,No,Metropolitian,24,7.763102784727143,5.0,23,Night,0,0
0x8951,JAPRES16DEL02,20.0,4.6,26.849596,75.800512,26.869596,75.820512,2022-03-28,09:00,09:15,Sunny,Low,0,Meal,motorcycle,1.0,No,Metropolitian,12,2.9802493849187557,15.0,9,Morning,0,0
0xaa7f,CHENRES18DEL01,34.0,4.5,12.981615,80.231598,13.051615,80.301598,2022-03-04,22:45,22:50,Stormy,Low,0,Meal,motorcycle,0.0,No,Urban,22,10.867232952679457,5.0,22,Night,4,0
0x67e5,CHENRES11DEL01,30.0,4.0,13.064181,80.236442,13.074181,80.246442,2022-03-30,10:40,10:45,Stormy,Low,0,Snack,motorcycle,1.0,No,Metropolitian,32,1.5523012503298028,5.0,10,Morning,2,0
0x47f8,SURRES20DEL02,29.0,4.8,21.15276,72.778059,21.20276,72.828059,2022-03-01,22:40,22:45,Fog,Low,1,Drinks,scooter,0.0,No,Metropolitian,17,7.60180033473793,5.0,22,Night,1,0
0xc3c0,KNPRES11DEL02,27.0,4.3,26.474986,80.342796,26.494986,80.362796,2022-02-13,11:45,11:50,Cloudy,High,1,Snack,scooter,0.0,No,Metropolitian,34,2.984598378443473,5.0,11,Afternoon,6,1
0x990d,CHENRES07DEL01,23.0,4.7,13.081878,80.248519,13.151878,80.318519,2022-03-04,22:25,22:35,Fog,Low,0,Snack,motorcycle,1.0,No,Metropolitian,23,10.865084189986677,10.0,22,Night,4,0
0x10aa,BANGRES010DEL03,27.0,5.0,12.933298,77.614293,13.023298,77.704293,2022-03-02,22:10,22:25,Cloudy,Low,1,Drinks,motorcycle,1.0,No,Metropolitian,24,13.973206773137713,15.0,22,Night,2,0
0x4de2,JAPRES01DEL01,23.0,4.7,26.90519,75.810753,26.91519,75.820753,2022-03-11,08:15,08:30,Sunny,Low,1,Meal,motorcycle,0.0,No,Urban,24,1.489829154062434,15.0,8,Morning,4,0
0x1599,PUNERES15DEL02,39.0,4.0,18.636215,73.751081,18.766215,73.881081,2022-03-04,21:30,21:35,Sandstorms,Jam,0,Meal,motorcycle,1.0,No,Metropolitian,38,19.91059239709516,5.0,21,Night,4,0
0x99be,RANCHIRES010DEL02,33.0,4.9,23.354422,85.3329,23.434422,85.4129,2022-03-06,18:35,18:40,Stormy,Medium,0,Drinks,motorcycle,1.0,No,Urban,30,12.074255310176673,5.0,18,Evening,6,1
0x1e58,VADRES14DEL03,31.0,4.6,22.311603,73.165012,22.371603,73.225012,2022-03-24,21:20,21:35,Cloudy,Jam,0,Snack,motorcycle,0.0,No,Metropolitian,25,9.087972744661085,15.0,21,Night,3,0
0x89cd,RANCHIRES11DEL01,36.0,4.9,23.359194,85.325447,23.429194,85.395447,2022-03-06,22:30,22:40,Sunny,Low,1,Buffet,scooter,1.0,No,Metropolitian,23,10.564981870374336,10.0,22,Night,6,1
0x9106,HYDRES14DEL01,28.0,5.0,17.426228,78.407495,17.466228,78.447495,2022-03-13,15:50,16:00,Fog,Medium,2,Meal,scooter,1.0,No,Urban,17,6.147160558529004,10.0,15,Evening,6,1
0x2246,HYDRES03DEL02,38.0,4.3,17.422819,78.449578,17.442819,78.469578,2022-04-03,11:20,11:30,Sandstorms,High,0,Snack,motorcycle,1.0,No,Metropolitian,47,3.073687981631253,10.0,11,Afternoon,6,1
0x8bf5,RANCHIRES010DEL03,22.0,4.6,23.354422,85.3329,23.444422,85.4229,2022-04-06,21:20,21:30,Windy,Jam,2,Meal,scooter,1.0,No,Metropolitian,29,13.583302501334016,10.0,21,Night,2,0
0x4238,COIMBRES08DEL03,36.0,4.8,11.001852,76.976268,11.031852,77.006268,2022-03-09,21:10,21:15,Windy,Jam,2,Drinks,scooter,1.0,No,Metropolitian,29,4.67433301643506,5.0,21,Night,2,0
0x679e,VADRES14DEL01,25.0,4.6,22.311603,73.165012,22.321603,73.175012,2022-04-05,11:10,11:25,Sandstorms,High,2,Meal,motorcycle,0.0,No,Urban,10,1.5147873459323735,15.0,11,Afternoon,1,0
0x5817,HYDRES07DEL01,36.0,4.3,17.424114,78.347554,17.434114,78.357554,2022-03-09,11:50,12:00,Cloudy,High,0,Meal,motorcycle,0.0,No,Metropolitian,31,1.5368588631561617,10.0,11,Afternoon,2,0
0x196d,CHENRES01DEL03,33.0,5.0,13.005801,80.250744,13.065801,80.310744,2022-03-30,19:55,20:00,Stormy,Jam,1,Meal,motorcycle,1.0,No,Urban,25,9.314419797615273,5.0,19,Evening,2,0
0x1e4a,CHENRES08DEL01,22.0,4.7,13.022394,80.242439,13.132394,80.352439,2022-03-18,17:15,17:30,Sandstorms,Medium,0,Snack,motorcycle,1.0,No,Metropolitian,29,17.075035490452994,15.0,17,Evening,4,0
0xa2f3,CHENRES13DEL01,25.0,4.8,13.027018,80.254791,13.037018,80.264791,2022-03-05,10:35,10:50,Fog,Low,0,Snack,motorcycle,1.0,No,Urban,15,1.5524148945455951,15.0,10,Morning,5,1
0x9af7,COIMBRES16DEL03,21.0,4.4,11.010375,76.95295,11.040375,76.98295,2022-03-26,19:30,19:35,Fog,Jam,1,Snack,scooter,0.0,No,Metropolitian,34,4.674266565274251,5.0,19,Evening,5,1
0x6cd,SURRES07DEL02,26.0,4.7,21.170798,72.790489,21.250798,72.870489,2022-03-12,20:00,20:05,Fog,Jam,2,Buffet,motorcycle,1.0,No,Urban,31,12.16161548161981,5.0,20,Night,5,1
0x8deb,JAPRES03DEL01,27.0,4.7,26.913483,75.803139,27.023483,75.913139,2022-03-27,23:10,23:15,Sandstorms,Low,2,Drinks,electric_scooter,0.0,No,Metropolitian,11,16.384366809227615,5.0,23,Night,6,1
0x745b,INDORES18DEL01,27.0,4.6,22.753839,75.897429,22.793838,75.937429,2022-04-05,12:45,12:55,Windy,High,1,Drinks,motorcycle,0.0,No,Urban,27,6.049834150687609,10.0,12,Afternoon,1,0
0x8503,VADRES14DEL02,39.0,3.6,22.311603,73.165012,22.441603,73.295012,2022-03-18,23:25,23:30,Fog,Low,1,Snack,scooter,1.0,No,Metropolitian,38,19.688324335752394,5.0,23,Night,4,0
0x27dd,MYSRES08DEL01,36.0,4.9,12.297954,76.665169,12.407954,76.775169,2022-03-02,21:10,21:15,Sandstorms,Jam,1,Drinks,scooter,0.0,No,Metropolitian,25,17.098804215242584,5.0,21,Night,2,0
0xabd9,JAPRES15DEL02,27.0,4.2,26.891191,75.802083,26.941191,75.852083,2022-03-19,22:50,23:00,Sandstorms,Low,0,Snack,motorcycle,0.0,No,Metropolitian,25,7.4489701519330795,10.0,22,Night,5,1
0x4b84,JAPRES01DEL01,38.0,4.4,26.90519,75.810753,27.01519,75.920753,2022-03-18,22:00,22:15,Cloudy,Jam,2,Meal,motorcycle,1.0,No,Metropolitian,45,16.384900933459228,15.0,22,Night,4,0
0x55d6,COIMBRES12DEL02,30.0,4.7,11.000762,76.981876,11.020762,77.001876,2022-03-17,09:10,09:15,Sunny,Low,1,Snack,motorcycle,0.0,No,Urban,11,3.116253656338934,5.0,9,Morning,3,0
0x8e7a,COIMBRES06DEL02,24.0,4.2,11.021278,76.995017,11.151278,77.125017,2022-03-25,21:50,21:55,Stormy,Jam,0,Meal,motorcycle,0.0,No,Metropolitian,31,20.25308886851953,5.0,21,Night,4,0
0xda83,GOARES16DEL03,26.0,4.5,15.498603,73.826911,15.558603,73.886911,2022-02-15,17:40,17:50,Fog,Medium,0,Buffet,motorcycle,1.0,No,Urban,29,9.264595774312454,10.0,17,Evening,1,0
0x120d,MUMRES16DEL02,32.0,4.9,19.120083,72.907385,19.200083,72.987385,2022-03-04,22:40,22:55,Windy,Low,1,Buffet,motorcycle,0.0,No,Metropolitian,23,12.236790662986138,15.0,22,Night,4,0
0x6660,JAPRES12DEL01,28.0,4.9,26.902908,75.792934,27.012908,75.902934,2022-03-23,21:25,21:30,Sandstorms,Jam,1,Drinks,motorcycle,1.0,No,Metropolitian,25,16.385047886584577,5.0,21,Night,2,0
0x9827,JAPRES14DEL02,33.0,5.0,26.88842,75.800689,26.90842,75.820689,2022-04-05,09:40,09:50,Sandstorms,Low,2,Meal,electric_scooter,1.0,No,Metropolitian,26,2.9797958851316784,10.0,9,Morning,1,0
0xc981,KOCRES12DEL03,32.0,3.5,9.988483,76.295211,10.078483,76.385211,2022-02-14,23:35,23:45,Cloudy,Low,2,Drinks,scooter,0.0,No,Urban,36,14.044994047947716,10.0,23,Night,0,0
0xd9c,VADRES01DEL03,22.0,4.9,22.307898,73.167788,22.397898,73.257788,2022-03-08,23:50,00:00,Sandstorms,Low,2,Snack,scooter,0.0,No,Unknown,13,13.631449198481711,10.0,23,Night,1,0
0x69d0,SURRES06DEL03,38.0,4.7,21.185047,72.80859,21.245047,72.86859,2022-03-13,21:25,21:30,Sandstorms,Jam,2,Drinks,scooter,0.0,No,Metropolitian,31,9.12108977493757,5.0,21,Night,6,1
0x27f0,MUMRES14DEL03,39.0,4.8,19.1813,72.836191,19.2713,72.926191,2022-03-12,22:50,23:00,Windy,Low,0,Meal,motorcycle,0.0,No,Metropolitian,28,13.763778584951167,10.0,22,Night,5,1
0x537a,COIMBRES20DEL02,38.0,5.0,10.994136,76.963303,11.014136,76.983303,2022-03-24,10:25,10:30,Stormy,Low,1,Meal,motorcycle,0.0,No,Metropolitian,29,3.1162880555409944,5.0,10,Morning,3,0
0x6b3d,RANCHIRES09DEL02,32.0,4.6,23.351058,85.325731,23.371058,85.345731,2022-03-03,10:40,10:50,Windy,Low,2,Buffet,scooter,1.0,No,Metropolitian,24,3.0189114817580243,10.0,10,Morning,3,0
0x6ae6,RANCHIRES08DEL03,39.0,4.0,23.353783,85.326967,23.413783,85.386967,2022-03-13,20:50,21:05,Windy,Jam,0,Meal,motorcycle,1.0,No,Urban,36,9.056024276265346,15.0,20,Night,6,1
0x550d,HYDRES04DEL02,26.0,4.9,17.411028,78.329645,17.461028,78.379645,2022-03-21,19:15,19:20,Sandstorms,Jam,2,Drinks,motorcycle,1.0,No,Metropolitian,28,7.68415541716559,5.0,19,Evening,0,0
0xb932,CHENRES06DEL02,33.0,4.4,13.054347,80.257221,13.184347,80.387221,2022-03-14,20:50,21:05,Fog,Jam,1,Snack,motorcycle,1.0,No,Metropolitian,35,20.177913041348635,15.0,20,Night,0,0
0xd93e,KNPRES11DEL02,23.0,4.7,26.474986,80.342796,26.524986,80.392796,2022-02-15,20:00,20:15,Windy,Jam,1,Snack,motorcycle,1.0,No,Urban,19,7.461062763989528,15.0,20,Night,1,0
0x302a,BANGRES01DEL02,25.0,4.7,12.933284,77.615428,13.013284,77.695428,2022-03-27,19:15,19:30,Stormy,Jam,1,Meal,motorcycle,1.0,No,Urban,29,12.420750390870612,15.0,19,Evening,6,1
0x2b5b,MUMRES02DEL01,31.0,4.6,19.221315,72.862381,19.291315,72.932381,2022-04-04,23:55,00:05,Cloudy,Low,2,Buffet,electric_scooter,1.0,No,Urban,25,10.704238934519315,10.0,23,Night,0,0
0x953b,RANCHIRES09DEL03,39.0,4.7,23.351058,85.325731,23.381058,85.355731,2022-03-30,20:45,20:55,Windy,Jam,0,Drinks,motorcycle,0.0,No,Urban,36,4.528289130580048,10.0,20,Night,2,0
0x8734,SURRES18DEL03,31.0,4.7,21.149834,72.778666,21.239834,72.868666,2022-03-12,18:50,18:55,Stormy,Medium,2,Drinks,scooter,1.0,No,Urban,26,13.68250488691661,5.0,18,Evening,5,1
0x9f46,CHENRES11DEL03,27.0,5.0,13.064181,80.236442,13.154181,80.326442,2022-03-31,21:10,21:25,Windy,Jam,1,Drinks,scooter,0.0,No,Urban,18,13.96960642768458,15.0,21,Night,3,0
0x3e25,MYSRES13DEL02,32.0,4.9,12.310972,76.659264,12.360972,76.709264,2022-03-19,19:30,19:35,Fog,Jam,1,Buffet,scooter,1.0,No,Urban,30,7.772430463816821,5.0,19,Evening,5,1
0x799d,INDORES14DEL02,39.0,4.4,22.761593,75.886362,22.891593,76.016362,2022-03-29,21:00,21:05,Fog,Jam,1,Snack,scooter,1.0,No,Urban,41,19.658727827948923,5.0,21,Night,1,0
0x2fb7,MYSRES04DEL01,27.0,5.0,12.3085,76.665808,12.3185,76.675808,2022-03-19,09:50,09:55,Sunny,Low,2,Snack,scooter,0.0,No,Metropolitian,18,1.5545511732988062,5.0,9,Morning,5,1
0x6578,BANGRES15DEL03,24.0,4.6,12.975377,77.696664,13.065377,77.786664,2022-03-18,17:50,18:00,Fog,Medium,1,Buffet,scooter,1.0,No,Metropolitian,25,13.97205302455759,10.0,17,Evening,4,0
0x2eda,HYDRES16DEL03,20.0,5.0,17.440827,78.393391,17.470827,78.423391,2022-03-11,17:25,17:30,Sunny,Medium,2,Snack,electric_scooter,0.0,No,Metropolitian,15,4.610254758948449,5.0,17,Evening,4,0
0xca62,KOCRES07DEL02,28.0,4.5,9.985697,76.281128,10.035697,76.331128,2022-02-15,22:20,22:30,Sandstorms,Low,1,Snack,scooter,0.0,No,Metropolitian,12,7.803044762988818,10.0,22,Night,1,0
0xa875,JAPRES19DEL02,38.0,4.8,26.913726,75.75282,26.993726,75.83282,2022-04-02,22:20,22:35,Cloudy,Low,2,Drinks,electric_scooter,1.0,No,Urban,29,11.9165950600701,15.0,22,Night,5,1
0xd6d2,BHPRES06DEL01,22.0,4.0,23.232357,77.429989,23.342357,77.539989,2022-02-14,20:00,20:10,Cloudy,Jam,1,Meal,motorcycle,1.0,No,Metropolitian,41,16.608224637742175,10.0,20,Night,0,0
0xbc64,INDORES13DEL03,23.0,4.5,22.745049,75.892471,22.805049,75.952471,2022-03-17,18:25,18:40,Stormy,Medium,0,Snack,motorcycle,0.0,No,Metropolitian,23,9.074836683459717,15.0,18,Evening,3,0
0x43b8,INDORES20DEL03,31.0,4.9,22.732225,75.874765,22.822225,75.964765,2022-03-08,23:15,23:25,Sandstorms,Low,2,Drinks,electric_scooter,0.0,No,Metropolitian,17,13.612154686696366,10.0,23,Night,1,0
0x7126,CHENRES06DEL03,26.0,4.7,13.054347,80.257221,13.144347,80.347221,2022-04-02,18:30,18:35,Sandstorms,Medium,2,Buffet,motorcycle,1.0,No,Metropolitian,24,13.969878141806623,5.0,18,Evening,5,1
0xe19d,GOARES17DEL03,36.0,4.9,15.496162,73.825364,15.526162,73.855364,2022-02-13,22:35,22:50,Fog,Low,1,Snack,motorcycle,0.0,No,Metropolitian,15,4.632486510687907,15.0,22,Night,6,1
0x7617,VADRES05DEL01,23.0,4.9,22.310526,73.170937,22.380526,73.240937,2022-03-06,18:40,18:50,Stormy,Medium,1,Buffet,motorcycle,1.0,No,Metropolitian,17,10.602497166339631,10.0,18,Evening,6,1
0xf4d,BANGRES01DEL01,25.0,5.0,12.933284,77.615428,12.943284,77.625428,2022-04-03,08:30,08:45,Sandstorms,Low,1,Buffet,scooter,1.0,No,Metropolitian,12,1.5527001583674398,15.0,8,Morning,6,1
0x94a6,PUNERES14DEL03,25.0,4.2,18.516216,73.842527,18.576216,73.902527,2022-04-05,21:10,21:25,Sunny,Jam,0,Drinks,motorcycle,2.0,Yes,Metropolitian,48,9.193469879776632,15.0,21,Night,1,0
0x1581,JAPRES15DEL01,24.0,4.9,26.891191,75.802083,26.961191,75.872083,2022-03-12,22:30,22:40,Cloudy,Low,2,Snack,motorcycle,0.0,No,Metropolitian,21,10.428148593687968,10.0,22,Night,5,1
0xb8df,PUNERES15DEL03,25.0,4.5,18.636215,73.751081,18.666215,73.781081,2022-03-21,20:25,20:35,Sunny,Jam,0,Snack,motorcycle,1.0,Yes,Metropolitian,44,4.595393825646015,10.0,20,Night,0,0
0x43ee,BANGRES010DEL02,37.0,4.7,12.933298,77.614293,12.983298,77.664293,2022-03-03,17:25,17:40,Sunny,Medium,1,Buffet,motorcycle,0.0,No,Metropolitian,16,7.763196932715944,15.0,17,Evening,3,0
0xce73,AGRRES18DEL01,36.0,5.0,27.161694,78.034714,27.271694,78.144714,2022-02-14,18:30,18:45,Windy,Medium,0,Meal,motorcycle,1.0,No,Metropolitian,44,16.368320331067043,15.0,18,Evening,0,0
0x12d9,MYSRES09DEL01,30.0,4.2,12.323194,76.630583,12.333194,76.640583,2022-03-19,10:35,10:50,Stormy,Low,0,Drinks,motorcycle,1.0,No,Metropolitian,26,1.5545086492841058,15.0,10,Morning,5,1
0x9117,HYDRES12DEL03,29.0,4.5,17.429585,78.392621,17.489585,78.452621,2022-03-17,18:25,18:40,Sunny,Medium,1,Snack,motorcycle,0.0,No,Metropolitian,12,9.220418694558179,15.0,18,Evening,3,0
0x8c29,COIMBRES18DEL01,37.0,4.1,11.02091,76.940432,11.06091,76.980432,2022-04-01,16:00,16:15,Sandstorms,Medium,2,Meal,scooter,1.0,No,Urban,31,6.232193723015724,15.0,16,Evening,4,0
0x6b25,PUNERES08DEL03,26.0,4.6,18.53408,73.89852,18.62408,73.98852,2022-04-04,22:10,22:25,Stormy,Low,1,Drinks,motorcycle,1.0,No,Metropolitian,18,13.788947117364545,15.0,22,Night,0,0
0xd4c0,DEHRES13DEL03,37.0,4.4,30.366322,78.070453,30.456322,78.160453,2022-02-16,21:10,21:15,Sandstorms,Jam,2,Buffet,scooter,2.0,No,Metropolitian,35,13.215100182600441,5.0,21,Night,2,0
0x3e6a,RANCHIRES15DEL02,32.0,4.3,23.369746,85.33982,23.499746,85.46982,2022-03-18,19:55,20:10,Sandstorms,Jam,0,Drinks,motorcycle,3.0,No,Metropolitian,52,19.617929437389435,15.0,19,Evening,4,0
0x2734,MUMRES06DEL01,27.0,4.2,19.055831,72.833984,19.125831,72.903984,2022-03-18,21:25,21:30,Sandstorms,Jam,0,Drinks,motorcycle,1.0,No,Metropolitian,37,10.709308833621588,5.0,21,Night,4,0
0xbf4,RANCHIRES11DEL01,39.0,5.0,23.359194,85.325447,23.399194,85.365447,2022-03-11,12:25,12:35,Fog,High,1,Drinks,motorcycle,1.0,No,Urban,29,6.03744523636816,10.0,12,Afternoon,4,0
0x8544,MYSRES05DEL01,25.0,4.2,12.323978,76.627961,12.393978,76.697961,2022-03-10,20:10,20:25,Fog,Jam,2,Meal,motorcycle,1.0,No,Metropolitian,44,10.88093543843387,15.0,20,Night,3,0
0x25fd,BANGRES19DEL01,31.0,4.8,12.914264,77.6784,13.024264,77.7884,2022-03-25,22:45,22:55,Stormy,Low,2,Drinks,scooter,1.0,No,Metropolitian,23,17.078665498349437,10.0,22,Night,4,0
0xc4ba,KOLRES16DEL01,25.0,4.6,22.539129,88.365507,22.649129,88.475507,2022-02-18,22:55,23:05,Stormy,Low,1,Snack,scooter,1.0,No,Metropolitian,14,16.64729968728447,10.0,22,Night,4,0
0x13d0,JAPRES16DEL02,28.0,4.9,26.849596,75.800512,26.979596,75.930512,2022-03-14,18:55,19:00,Fog,Medium,0,Drinks,motorcycle,2.0,No,Metropolitian,41,19.36744052557847,5.0,18,Evening,0,0
0x769a,MYSRES07DEL01,25.0,4.6,12.325461,76.632278,12.395461,76.702278,2022-03-02,23:25,23:30,Sandstorms,Low,0,Snack,motorcycle,1.0,No,Urban,23,10.880905305082543,5.0,23,Night,2,0
0xbfb6,BHPRES06DEL02,38.0,4.7,23.232357,77.429989,23.252357,77.449989,2022-02-15,10:40,10:55,Windy,Low,2,Snack,motorcycle,0.0,No,Metropolitian,24,3.020144294382319,15.0,10,Morning,1,0
0x651a,BANGRES20DEL01,28.0,4.7,12.972161,77.596014,13.082161,77.706014,2022-03-27,19:55,20:10,Sandstorms,Jam,0,Meal,motorcycle,1.0,No,Metropolitian,38,17.076725433736605,15.0,19,Evening,6,1
0xb040,BANGRES11DEL02,27.0,4.7,12.934365,77.616155,12.984365,77.666155,2022-03-17,18:40,18:50,Sunny,Medium,1,Buffet,scooter,0.0,No,Unknown,13,7.763180727989777,10.0,18,Evening,3,0
0x62a4,VADRES19DEL01,29.0,4.6,22.311844,73.165081,22.421844,73.275081,2022-04-02,17:40,17:45,Windy,Medium,2,Drinks,motorcycle,1.0,No,Metropolitian,17,16.659890497111146,5.0,17,Evening,5,1
0x66b8,PUNERES02DEL03,38.0,4.5,18.55144,73.804855,18.61144,73.864855,2022-04-01,20:15,20:30,Sandstorms,Jam,1,Drinks,scooter,1.0,No,Metropolitian,30,9.192571532077613,15.0,20,Night,4,0
0x891c,MUMRES16DEL03,27.0,4.6,19.120083,72.907385,19.210083,72.997385,2022-03-06,20:45,20:55,Stormy,Jam,1,Buffet,motorcycle,0.0,No,Metropolitian,25,13.766192440641818,10.0,20,Night,6,1
0x7634,MUMRES04DEL01,36.0,4.4,19.254567,72.848923,19.294567,72.888923,2022-04-05,13:45,13:50,Fog,High,2,Buffet,scooter,1.0,No,Metropolitian,32,6.116387229265562,5.0,13,Afternoon,1,0
0x5957,JAPRES15DEL03,30.0,4.8,26.891191,75.802083,26.951191,75.862083,2022-03-17,19:00,19:05,Sandstorms,Medium,2,Drinks,electric_scooter,0.0,No,Metropolitian,30,8.938588654178497,5.0,19,Evening,3,0
0xb896,INDORES06DEL01,21.0,4.7,22.728163,75.884212,22.798163,75.954212,2022-03-06,23:40,23:45,Fog,Low,0,Snack,motorcycle,1.0,No,Unknown,20,10.587732954177069,5.0,23,Night,6,1
0x784c,INDORES15DEL01,35.0,4.7,22.760072,75.892574,22.830072,75.962574,2022-03-04,18:15,18:30,Stormy,Medium,1,Buffet,motorcycle,1.0,No,Metropolitian,24,10.586595268060286,15.0,18,Evening,4,0
0x7289,RANCHIRES19DEL01,28.0,4.8,23.333017,85.3172,23.403017,85.3872,2022-03-06,20:40,20:45,Stormy,Jam,2,Snack,motorcycle,0.0,No,Metropolitian,26,10.565936169903516,5.0,20,Night,6,1
0x6dcb,MUMRES18DEL01,29.0,5.0,19.1093,72.825451,19.1193,72.835451,2022-03-01,11:25,11:30,Sunny,High,2,Drinks,scooter,1.0,No,Unknown,17,1.5297989528631668,5.0,11,Afternoon,1,0
0x1a89,PUNERES02DEL03,22.0,4.9,18.55144,73.804855,18.64144,73.894855,2022-03-29,00:00,00:05,Windy,Low,2,Meal,scooter,0.0,No,Urban,11,13.788282220013778,5.0,0,Night,1,0
0x2570,CHENRES06DEL01,20.0,3.6,13.054347,80.257221,13.064347,80.267221,2022-03-03,11:55,12:10,Sunny,High,0,Snack,motorcycle,1.0,No,Metropolitian,46,1.552331352726081,15.0,11,Afternoon,3,0
0x82cb,SURRES16DEL01,23.0,5.0,21.160437,72.774209,21.230437,72.844209,2022-03-31,22:15,22:25,Windy,Low,1,Drinks,motorcycle,1.0,No,Metropolitian,10,10.641928366460489,10.0,22,Night,3,0
0x3f93,COIMBRES19DEL03,31.0,4.2,11.022298,76.998349,11.082298,77.058349,2022-03-28,21:15,21:30,Cloudy,Jam,1,Snack,scooter,1.0,No,Urban,37,9.348112475389563,15.0,21,Night,0,0
0x5eb6,VADRES11DEL02,35.0,4.8,22.308096,73.167753,22.358096,73.217753,2022-03-28,18:35,18:40,Sandstorms,Medium,2,Snack,motorcycle,1.0,No,Metropolitian,34,7.5735237341835395,5.0,18,Evening,0,0
0x40e1,CHENRES010DEL02,33.0,5.0,13.066762,80.251865,13.116762,80.301865,2022-03-13,22:00,22:15,Cloudy,Jam,2,Snack,electric_scooter,1.0,No,Metropolitian,33,7.761160094160204,15.0,22,Night,6,1
0x42f2,BANGRES19DEL01,33.0,4.9,12.914264,77.6784,12.924264,77.6884,2022-03-28,08:35,08:40,Stormy,Low,1,Meal,motorcycle,1.0,No,Metropolitian,27,1.5527578022548725,5.0,8,Morning,0,0
0x38c7,MUMRES11DEL02,20.0,4.9,18.994237,72.825553,19.074237,72.905553,2022-03-02,20:40,20:50,Sunny,Jam,2,Snack,scooter,1.0,No,Metropolitian,21,12.241181140730713,10.0,20,Night,2,0
0x6bf7,RANCHIRES05DEL02,25.0,5.0,23.355164,85.324097,23.375164,85.344097,2022-04-05,12:00,12:05,Windy,High,0,Snack,motorcycle,1.0,No,Metropolitian,25,3.0188687420087144,5.0,12,Afternoon,1,0
0x5e9a,SURRES19DEL01,32.0,5.0,21.149669,72.772629,21.259669,72.882629,2022-03-29,19:45,19:50,Stormy,Jam,0,Snack,motorcycle,2.0,No,Urban,41,16.722543155307,5.0,19,Evening,1,0
0xc85,COIMBRES11DEL02,23.0,4.7,11.001753,76.986241,11.051753,77.036241,2022-03-11,20:30,20:40,Fog,Jam,2,Buffet,motorcycle,1.0,No,Urban,24,7.790426271963797,10.0,20,Night,4,0
0x1a58,CHENRES20DEL02,39.0,4.9,12.975996,80.221898,12.995996,80.241898,2022-03-21,10:10,10:25,Sunny,Low,0,Meal,motorcycle,0.0,No,Urban,22,3.1051103947027285,15.0,10,Morning,0,0
0x1742,CHENRES04DEL01,25.0,4.5,13.02978,80.208812,13.06978,80.248812,2022-04-05,15:25,15:30,Sandstorms,Medium,0,Buffet,motorcycle,1.0,No,Metropolitian,18,6.209442398392529,5.0,15,Evening,1,0
0xc2ed,BHPRES16DEL02,22.0,4.8,23.264015,77.408236,23.344015,77.488236,2022-02-12,17:25,17:30,Stormy,Medium,1,Snack,scooter,1.0,No,Metropolitian,19,12.078017632301941,5.0,17,Evening,5,1
0x4e26,RANCHIRES11DEL01,27.0,4.5,23.359194,85.325447,23.469194,85.435447,2022-03-18,22:35,22:50,Stormy,Low,1,Snack,scooter,1.0,No,Unknown,17,16.60096646627219,15.0,22,Night,4,0
0xa171,PUNERES12DEL01,25.0,4.8,18.520016,73.830547,18.530016,73.840547,2022-03-07,08:15,08:20,Sandstorms,Low,1,Snack,scooter,1.0,No,Urban,19,1.5323350156090414,5.0,8,Morning,0,0
0x6892,INDORES08DEL01,38.0,4.8,22.725748,75.898497,22.835748,76.008497,2022-03-31,20:40,20:45,Sandstorms,Jam,0,Drinks,motorcycle,1.0,No,Metropolitian,41,16.63687991359242,5.0,20,Night,3,0
0xb0ff,HYDRES05DEL01,24.0,4.7,17.433809,78.386744,17.543809,78.496744,2022-04-04,21:30,21:35,Stormy,Jam,1,Meal,motorcycle,1.0,No,Metropolitian,25,16.902806732498032,5.0,21,Night,0,0
0xb277,INDORES11DEL03,22.0,5.0,22.751234,75.88949,22.781234,75.91949,2022-03-09,21:20,21:30,Stormy,Jam,0,Meal,motorcycle,1.0,No,Metropolitian,33,4.537553114731602,10.0,21,Night,2,0
0xc813,LUDHRES14DEL03,20.0,4.8,30.892978,75.821847,31.032978,75.961847,2022-02-18,19:00,19:10,Windy,Medium,2,Drinks,scooter,1.0,No,Metropolitian,19,20.506944148177876,10.0,19,Evening,4,0
0x4426,PUNERES18DEL01,33.0,4.9,18.593481,73.785901,18.603481,73.795901,2022-03-15,09:55,10:10,Sandstorms,Low,1,Snack,motorcycle,1.0,No,Metropolitian,25,1.5320227740641719,15.0,9,Morning,1,0
0x66aa,SURRES12DEL02,35.0,4.1,21.183434,72.814492,21.263434,72.894492,2022-03-02,20:40,20:50,Stormy,Jam,0,Buffet,motorcycle,2.0,No,Metropolitian,48,12.161131350318817,10.0,20,Night,2,0
0x65e4,INDORES010DEL01,34.0,4.7,22.75004,75.902847,22.79004,75.942847,2022-03-24,12:15,12:20,Sandstorms,High,2,Buffet,scooter,1.0,No,Metropolitian,28,6.04999326769204,5.0,12,Afternoon,3,0
0x441c,BANGRES02DEL02,21.0,4.9,12.970221,77.645396,13.050221,77.725396,2022-04-06,19:35,19:40,Stormy,Jam,2,Buffet,electric_scooter,1.0,No,Metropolitian,27,12.419850660252768,5.0,19,Evening,2,0
0xdc2a,KOLRES08DEL02,36.0,4.5,22.53796,88.349843,22.61796,88.429843,2022-02-16,20:25,20:30,Fog,Jam,0,Buffet,motorcycle,2.0,No,Urban,50,12.107781770763406,5.0,20,Night,2,0
0xb9a3,INDORES12DEL03,38.0,4.8,22.74806,75.8934,22.77806,75.9234,2022-03-13,21:15,21:25,Fog,Jam,1,Snack,motorcycle,2.0,No,Metropolitian,37,4.537601588065108,10.0,21,Night,6,1
0x87d1,BANGRES03DEL03,20.0,4.7,12.979166,77.640709,13.039166,77.700709,2022-03-11,19:50,19:55,Fog,Jam,0,Meal,motorcycle,1.0,No,Metropolitian,26,9.314907489514155,5.0,19,Evening,4,0
0x8043,MYSRES19DEL02,39.0,4.5,12.334022,76.618203,12.414022,76.698203,2022-04-02,18:00,18:15,Stormy,Medium,2,Buffet,scooter,0.0,No,Metropolitian,39,12.435005114517457,15.0,18,Evening,5,1
0x5da3,INDORES17DEL03,32.0,4.6,22.761226,75.887522,22.851226,75.977522,2022-03-27,21:40,21:55,Cloudy,Jam,1,Snack,motorcycle,1.0,No,Metropolitian,38,13.61082462242586,15.0,21,Night,6,1
0xb284,SURRES14DEL02,24.0,4.7,21.157729,72.768726,21.207729,72.818726,2022-03-30,18:40,18:55,Stormy,Medium,2,Meal,motorcycle,1.0,No,Metropolitian,21,7.60168152834193,15.0,18,Evening,2,0
0x3ea2,BANGRES01DEL02,38.0,4.9,12.933284,77.615428,12.953284,77.635428,2022-03-28,08:35,08:45,Sandstorms,Low,1,Drinks,scooter,1.0,No,Metropolitian,26,3.1053699758611546,10.0,8,Morning,0,0
0x8639,COIMBRES03DEL01,28.0,4.9,11.025083,77.015393,11.135083,77.125393,2022-03-16,20:00,20:15,Sandstorms,Jam,2,Snack,electric_scooter,0.0,No,Metropolitian,25,17.137407700371956,15.0,20,Night,2,0
0x2a4b,MYSRES18DEL01,20.0,4.8,12.337928,76.617889,12.407928,76.687889,2022-03-25,17:50,18:00,Stormy,Medium,1,Drinks,scooter,1.0,No,Metropolitian,24,10.880651848535559,10.0,17,Evening,4,0
0xd843,LUDHRES19DEL03,27.0,5.0,30.902872,75.826808,30.932872,75.856808,2022-02-13,17:15,17:20,Cloudy,Medium,0,Meal,motorcycle,0.0,No,Metropolitian,20,4.39522525342693,5.0,17,Evening,6,1
0x76fc,CHENRES17DEL01,20.0,4.6,13.045479,80.23311,13.155479,80.34311,2022-03-20,22:55,23:00,Sandstorms,Low,2,Drinks,scooter,1.0,No,Metropolitian,12,17.074256778794595,5.0,22,Night,6,1
0x75f6,HYDRES08DEL02,36.0,4.6,17.438263,78.397865,17.488263,78.447865,2022-03-03,22:30,22:45,Sandstorms,Low,2,Buffet,motorcycle,1.0,No,Metropolitian,25,7.683608397233649,15.0,22,Night,3,0
0x2dad,JAPRES05DEL02,27.0,5.0,26.905287,75.794592,26.925287,75.814592,2022-03-19,10:40,10:55,Cloudy,Low,1,Snack,motorcycle,1.0,No,Urban,10,2.979598701342032,15.0,10,Morning,5,1
0xdab9,LUDHRES13DEL02,23.0,4.7,30.893234,75.82172,30.973234,75.90172,2022-02-16,19:50,19:55,Fog,Jam,2,Snack,electric_scooter,1.0,No,Metropolitian,31,11.71980179013411,5.0,19,Evening,2,0
0x17e5,MYSRES09DEL02,30.0,4.9,12.323194,76.630583,12.453194,76.760583,2022-03-14,19:55,20:10,Fog,Jam,0,Buffet,motorcycle,1.0,No,Metropolitian,48,20.20634606758301,15.0,19,Evening,0,0
0xc6fe,KOLRES01DEL03,38.0,4.8,22.514688,88.393294,22.574688,88.453294,2022-02-11,17:10,17:15,Sunny,Medium,2,Buffet,electric_scooter,0.0,No,Metropolitian,22,9.081845042090478,5.0,17,Evening,4,0
0x945a,JAPRES09DEL01,25.0,4.6,26.911378,75.789034,26.951378,75.829034,2022-03-26,12:30,12:40,Stormy,High,0,Drinks,motorcycle,1.0,No,Metropolitian,23,5.958820916622007,10.0,12,Afternoon,5,1
0x9315,JAPRES03DEL03,30.0,4.9,26.913483,75.803139,27.003483,75.893139,2022-03-18,21:40,21:50,Stormy,Jam,0,Drinks,motorcycle,1.0,No,Metropolitian,44,13.405918573024547,10.0,21,Night,4,0
0xd911,ALHRES02DEL02,23.0,4.8,25.453436,81.833167,25.503436,81.883167,2022-02-17,22:20,22:25,Stormy,Low,2,Buffet,electric_scooter,1.0,No,Metropolitian,12,7.490099871671202,5.0,22,Night,3,0
0x6099,COIMBRES07DEL01,27.0,4.1,10.96185,76.971082,10.97185,76.981082,2022-03-03,08:15,08:25,Windy,Low,0,Snack,motorcycle,0.0,No,Urban,16,1.5582406301371106,10.0,8,Morning,3,0
0x6141,INDORES07DEL01,31.0,4.9,22.722634,75.886959,22.762634,75.926959,2022-03-01,15:40,15:55,Stormy,Medium,1,Snack,motorcycle,1.0,No,Urban,30,6.050551152462876,15.0,15,Evening,1,0
0x5ee9,COIMBRES20DEL02,37.0,4.7,10.994136,76.963303,11.014136,76.983303,2022-03-28,11:30,11:45,Sunny,High,2,Snack,scooter,1.0,No,Urban,21,3.1162880555409944,15.0,11,Afternoon,0,0
0xb48f,MYSRES20DEL03,27.0,4.6,12.337978,76.616792,12.427978,76.706792,2022-04-06,17:15,17:30,Sunny,Medium,2,Meal,electric_scooter,1.0,No,Metropolitian,16,13.989146264477116,15.0,17,Evening,2,0
0x5fd2,MYSRES16DEL03,37.0,4.6,12.316967,76.603067,12.406967,76.693067,2022-03-08,20:25,20:30,Sandstorms,Jam,2,Meal,motorcycle,0.0,No,Metropolitian,27,13.989695713800396,5.0,20,Night,1,0
0x7256,COIMBRES08DEL02,31.0,4.4,11.001852,76.976268,11.081852,77.056268,2022-03-20,18:10,18:20,Windy,Medium,0,Snack,motorcycle,1.0,No,Urban,44,12.464367397048669,10.0,18,Evening,6,1
0x62db,PUNERES04DEL01,21.0,5.0,18.51421,73.838429,18.52421,73.848429,2022-03-26,08:20,08:25,Sunny,Low,2,Meal,scooter,0.0,No,Metropolitian,15,1.5323596444882273,5.0,8,Morning,5,1
0x9007,INDORES08DEL03,34.0,4.7,22.725748,75.898497,22.785747,75.958497,2022-04-01,17:30,17:40,Cloudy,Medium,2,Drinks,scooter,0.0,No,Urban,16,9.07534450196205,10.0,17,Evening,4,0
0x2ebe,HYDRES15DEL02,36.0,4.8,17.45971,78.368855,17.58971,78.498855,2022-03-20,22:30,22:35,Sunny,Low,2,Meal,scooter,1.0,No,Metropolitian,24,19.974163074784503,5.0,22,Night,6,1
0x506f,INDORES09DEL02,29.0,4.4,22.725835,75.887648,22.745835,75.907648,2022-03-24,11:00,11:10,Stormy,Low,0,Meal,motorcycle,1.0,No,Metropolitian,18,3.025344768407918,10.0,11,Afternoon,3,0
0x50bc,INDORES010DEL02,39.0,4.8,22.75004,75.902847,22.80004,75.952847,2022-03-24,20:45,20:50,Fog,Jam,0,Snack,motorcycle,0.0,No,Unknown,29,7.562364213495008,5.0,20,Night,3,0
0x8c26,JAPRES12DEL03,33.0,4.8,26.902908,75.792934,26.992908,75.882934,2022-03-06,23:20,23:25,Stormy,Low,2,Buffet,electric_scooter,1.0,No,Metropolitian,17,13.40647565433019,5.0,23,Night,6,1
0x26af,MYSRES05DEL02,28.0,4.9,12.323978,76.627961,12.403978,76.707961,2022-03-08,23:15,23:30,Sandstorms,Low,2,Drinks,motorcycle,1.0,No,Urban,17,12.43523852372965,15.0,23,Night,1,0
0x39a8,SURRES11DEL01,23.0,4.7,21.157735,72.768778,21.197735,72.808778,2022-03-19,16:15,16:25,Windy,Medium,0,Buffet,motorcycle,1.0,No,Metropolitian,29,6.081440797008078,10.0,16,Evening,5,1
0x822c,PUNERES02DEL02,36.0,4.6,18.55144,73.804855,18.57144,73.824855,2022-03-28,08:40,08:50,Fog,Low,0,Drinks,motorcycle,1.0,No,Metropolitian,28,3.0643606844471907,10.0,8,Morning,0,0
0x930f,SURRES16DEL02,27.0,4.7,21.160437,72.774209,21.210437,72.824209,2022-03-28,23:35,23:45,Cloudy,Low,1,Buffet,motorcycle,1.0,No,Urban,10,7.60161677107109,10.0,23,Night,0,0
0x5c7c,PUNERES09DEL03,21.0,4.1,18.536562,73.896485,18.596562,73.956485,2022-03-13,21:40,21:50,Windy,Jam,0,Drinks,motorcycle,2.0,No,Metropolitian,37,9.19295116708344,10.0,21,Night,6,1
0x564c,HYDRES11DEL01,36.0,4.1,17.430448,78.418213,17.440448,78.428213,2022-03-17,08:20,08:25,Windy,Low,0,Drinks,motorcycle,0.0,No,Metropolitian,21,1.5368334425195926,5.0,8,Morning,3,0
0xc456,BHPRES01DEL03,34.0,4.7,23.211529,77.419399,23.241529,77.449399,2022-02-17,18:30,18:40,Cloudy,Medium,2,Drinks,motorcycle,1.0,No,Urban,18,4.530462395476539,10.0,18,Evening,3,0
0x9175,MUMRES08DEL03,37.0,4.3,19.065838,72.832658,19.125838,72.892658,2022-03-21,19:55,20:05,Cloudy,Jam,2,Snack,scooter,1.0,No,Metropolitian,36,9.179276688028636,10.0,19,Evening,0,0
0xb8d3,MUMRES17DEL01,25.0,4.6,19.121999,72.908493,19.131999,72.918493,2022-03-01,08:55,09:05,Stormy,Low,2,Drinks,scooter,0.0,No,Metropolitian,17,1.529743511582863,10.0,8,Morning,1,0
0xd6f9,LUDHRES12DEL01,20.0,4.7,30.893244,75.821817,30.933244,75.861817,2022-02-13,13:35,13:40,Windy,High,2,Meal,electric_scooter,1.0,No,Urban,20,5.860420473448054,5.0,13,Afternoon,6,1
0xc568,LUDHRES19DEL03,30.0,4.7,30.902872,75.826808,30.992872,75.916808,2022-02-12,19:55,20:05,Cloudy,Jam,0,Meal,motorcycle,1.0,No,Metropolitian,51,13.183920915999805,10.0,19,Evening,5,1
0x33ad,BANGRES15DEL02,20.0,4.6,12.975377,77.696664,13.105377,77.826664,2022-03-14,23:40,23:50,Cloudy,Low,2,Snack,scooter,1.0,No,Metropolitian,20,20.181059137197778,10.0,23,Night,0,0
0x470a,HYDRES02DEL01,29.0,4.6,17.41233,78.449654,17.45233,78.489654,2022-03-13,15:15,15:25,Sunny,Medium,2,Snack,motorcycle,0.0,No,Urban,10,6.147383751705428,10.0,15,Evening,6,1
0xaad1,INDORES09DEL01,23.0,4.7,22.725835,75.887648,22.795835,75.957648,2022-03-06,17:15,17:30,Stormy,Medium,0,Buffet,motorcycle,2.0,No,Metropolitian,36,10.587815903448679,15.0,17,Evening,6,1
0xa3e7,MYSRES05DEL01,29.0,4.8,12.323978,76.627961,12.363978,76.667961,2022-03-30,12:40,12:55,Cloudy,High,2,Buffet,scooter,1.0,No,Metropolitian,29,6.217851597564986,15.0,12,Afternoon,2,0
0x7982,PUNERES04DEL01,33.0,4.9,18.51421,73.838429,18.58421,73.908429,2022-03-14,21:25,21:35,Sunny,Jam,1,Buffet,scooter,1.0,No,Metropolitian,17,10.72562572441868,10.0,21,Night,0,0
0x785d,CHENRES12DEL01,36.0,4.8,12.972793,80.249982,12.982793,80.259982,2022-03-21,11:35,11:40,Cloudy,High,0,Buffet,motorcycle,1.0,No,Metropolitian,27,1.5525801593211894,5.0,11,Afternoon,0,0
0x59cd,JAPRES12DEL01,23.0,4.6,26.902908,75.792934,26.912908,75.802934,2022-03-05,10:00,10:05,Windy,Low,1,Meal,motorcycle,0.0,No,Metropolitian,10,1.4898424937942714,5.0,10,Morning,5,1
0x361d,HYDRES19DEL01,35.0,3.5,17.458998,78.500366,17.568998,78.610366,2022-03-10,22:35,22:40,Fog,Low,2,Snack,scooter,1.0,No,Metropolitian,33,16.901690663165983,5.0,22,Night,3,0
0x52e5,MYSRES15DEL02,39.0,4.1,12.352058,76.60665,12.432058,76.68665,2022-03-14,18:10,18:15,Cloudy,Medium,2,Drinks,motorcycle,1.0,No,Urban,35,12.434585525064866,5.0,18,Evening,0,0
0x9bbe,HYDRES08DEL01,39.0,4.1,17.438263,78.397865,17.478263,78.437865,2022-03-09,14:50,15:05,Fog,High,0,Drinks,motorcycle,1.0,No,Metropolitian,33,6.1469671519338895,15.0,14,Afternoon,2,0
0x5579,BANGRES04DEL03,21.0,4.9,12.98041,77.640489,13.04041,77.700489,2022-04-03,17:35,17:40,Stormy,Medium,1,Snack,scooter,0.0,No,Metropolitian,25,9.31488473286169,5.0,17,Evening,6,1
0x9f35,PUNERES11DEL03,20.0,4.8,18.533811,73.899315,18.563811,73.929315,2022-04-05,23:25,23:40,Stormy,Low,1,Buffet,motorcycle,1.0,No,Metropolitian,17,4.596701982329869,15.0,23,Night,1,0
0xe203,KNPRES07DEL01,27.0,4.7,26.472001,80.354002,26.482001,80.364002,2022-02-13,10:40,10:45,Sandstorms,Low,1,Meal,motorcycle,0.0,No,Metropolitian,10,1.4923452792807805,5.0,10,Morning,6,1
0xda78,KNPRES04DEL01,21.0,4.6,26.471529,80.313458,26.511529,80.353458,2022-02-11,13:35,13:45,Windy,High,2,Drinks,electric_scooter,1.0,No,Metropolitian,15,5.969045594353118,10.0,13,Afternoon,4,0
0x49da,SURRES20DEL02,36.0,5.0,21.15276,72.778059,21.28276,72.908059,2022-03-27,19:30,19:40,Fog,Jam,0,Snack,motorcycle,2.0,Yes,Metropolitian,44,19.76218981785925,10.0,19,Evening,6,1
0x57c2,HYDRES05DEL03,37.0,4.0,17.433809,78.386744,17.493809,78.446744,2022-03-21,23:45,23:50,Windy,Low,0,Meal,motorcycle,1.0,No,Metropolitian,29,9.220316822180319,5.0,23,Night,0,0
0xd16d,KNPRES15DEL01,21.0,4.6,26.482419,80.320939,26.592419,80.430939,2022-02-18,19:35,19:50,Windy,Jam,0,Buffet,motorcycle,1.0,No,Urban,26,16.41195716757807,15.0,19,Evening,4,0
0x94ce,HYDRES12DEL03,24.0,4.2,17.429585,78.392621,17.519585,78.482621,2022-03-04,20:00,20:15,Cloudy,Jam,1,Snack,motorcycle,0.0,No,Metropolitian,33,13.830084721845328,15.0,20,Night,4,0
0xba18,MYSRES04DEL01,34.0,4.7,12.3085,76.665808,12.4185,76.775808,2022-03-29,23:40,23:50,Sandstorms,Low,2,Meal,scooter,0.0,No,Metropolitian,27,17.098467518755893,10.0,23,Night,1,0
0x6855,SURRES20DEL01,39.0,4.8,21.15276,72.778059,21.19276,72.818059,2022-03-01,14:15,14:25,Sunny,High,1,Drinks,scooter,1.0,No,Metropolitian,19,6.08153593718375,10.0,14,Afternoon,1,0
0xb2e0,PUNERES05DEL02,28.0,5.0,18.543626,73.905101,18.593626,73.955101,2022-03-01,20:50,21:05,Windy,Jam,2,Buffet,electric_scooter,0.0,No,Metropolitian,13,7.66074883742589,15.0,20,Night,1,0
0x19e6,INDORES03DEL02,27.0,4.9,22.751857,75.866699,22.831857,75.946699,2022-03-27,20:00,20:15,Sunny,Jam,0,Meal,motorcycle,0.0,No,Metropolitian,16,12.099096916817198,15.0,20,Night,6,1
0x58e1,HYDRES04DEL03,31.0,4.6,17.411028,78.329645,17.441028,78.359645,2022-03-07,17:35,17:50,Cloudy,Medium,0,Snack,motorcycle,1.0,No,Metropolitian,34,4.610613705052655,15.0,17,Evening,0,0
0x7638,INDORES15DEL02,32.0,4.9,22.760072,75.892574,22.780072,75.912574,2022-03-28,08:25,08:40,Fog,Low,0,Meal,motorcycle,0.0,No,Urban,29,3.0249963435107836,15.0,8,Morning,0,0
0xa944,COIMBRES02DEL02,29.0,4.8,11.022477,76.995667,11.102477,77.075667,2022-03-10,22:35,22:50,Sunny,Low,0,Drinks,motorcycle,0.0,No,Metropolitian,27,12.463937409087931,15.0,22,Night,3,0
0x3e8b,MUMRES17DEL03,32.0,4.5,19.121999,72.908493,19.151999,72.938493,2022-03-15,17:20,17:25,Sunny,Medium,1,Meal,motorcycle,1.0,No,Metropolitian,24,4.5890994584359515,5.0,17,Evening,1,0
0x8320,RANCHIRES08DEL02,20.0,4.7,23.353783,85.326967,23.403783,85.376967,2022-03-28,17:50,17:55,Sunny,Medium,1,Drinks,motorcycle,1.0,No,Metropolitian,16,7.546817179242812,5.0,17,Evening,0,0
0x7a5c,COIMBRES15DEL03,38.0,4.6,11.006686,76.951736,11.096686,77.041736,2022-03-27,22:10,22:25,Cloudy,Low,2,Buffet,motorcycle,1.0,No,Metropolitian,26,14.022182614282947,15.0,22,Night,6,1
0x1660,HYDRES05DEL01,35.0,4.5,17.433809,78.386744,17.473809,78.426744,2022-03-03,16:25,16:35,Fog,Medium,2,Meal,electric_scooter,1.0,No,Urban,19,6.147038743530447,10.0,16,Evening,3,0
0x98c4,PUNERES13DEL01,29.0,4.5,18.56245,73.916619,18.63245,73.986619,2022-03-16,23:45,23:50,Cloudy,Low,1,Buffet,motorcycle,0.0,No,Urban,28,10.724189700859583,5.0,23,Night,2,0
0xd466,GOARES04DEL03,39.0,4.4,15.5696,73.742294,15.6296,73.802294,2022-02-13,17:30,17:35,Windy,Medium,2,Drinks,scooter,1.0,No,Metropolitian,33,9.263056833399029,5.0,17,Evening,6,1
0xbc3b,MYSRES06DEL02,28.0,4.6,12.323994,76.626167,12.343994,76.646167,2022-03-26,09:55,10:00,Sandstorms,Low,1,Drinks,motorcycle,1.0,No,Metropolitian,19,3.1089836948124367,5.0,9,Morning,5,1
0xcaf0,LUDHRES17DEL01,21.0,4.5,30.893384,75.821202,31.003384,75.931202,2022-02-18,17:25,17:35,Windy,Medium,2,Meal,motorcycle,1.0,No,Metropolitian,18,16.11364371445673,10.0,17,Evening,4,0
0xbd76,CHENRES07DEL01,38.0,4.9,13.081878,80.248519,13.151878,80.318519,2022-03-29,17:40,17:50,Fog,Medium,2,Snack,motorcycle,1.0,No,Metropolitian,38,10.865084189986677,10.0,17,Evening,1,0
0x55c2,VADRES05DEL02,30.0,4.6,22.310526,73.170937,22.440526,73.300937,2022-03-12,23:30,23:35,Sandstorms,Low,0,Buffet,motorcycle,1.0,No,Metropolitian,28,19.688394563498182,5.0,23,Night,5,1
0x684d,BANGRES11DEL02,25.0,4.8,12.934365,77.616155,13.014365,77.696155,2022-03-31,19:55,20:10,Sandstorms,Jam,0,Buffet,motorcycle,1.0,No,Metropolitian,37,12.42072409404905,15.0,19,Evening,3,0
0x70fe,SURRES19DEL02,26.0,5.0,21.149669,72.772629,21.279669,72.902629,2022-03-10,22:55,23:05,Cloudy,Low,1,Meal,scooter,0.0,No,Metropolitian,29,19.762382255532906,10.0,22,Night,3,0
0x8783,MUMRES17DEL01,28.0,3.7,19.121999,72.908493,19.161999,72.948493,2022-04-01,14:50,15:05,Sunny,High,0,Buffet,motorcycle,1.0,Yes,Metropolitian,54,6.1187118466897275,15.0,14,Afternoon,4,0
0x2c67,COIMBRES16DEL03,20.0,5.0,11.010375,76.95295,11.100375,77.04295,2022-03-10,18:10,18:15,Sandstorms,Medium,2,Buffet,electric_scooter,1.0,No,Metropolitian,28,14.022096082518878,5.0,18,Evening,3,0
0x9b05,SURRES16DEL01,37.0,4.0,21.160437,72.774209,21.270437,72.884209,2022-03-29,18:40,18:45,Cloudy,Medium,1,Snack,motorcycle,1.0,No,Urban,35,16.721976048741215,5.0,18,Evening,1,0
0x5084,CHENRES14DEL02,32.0,4.3,13.026279,80.174568,13.046279,80.194568,2022-04-05,10:25,10:30,Sandstorms,Low,0,Drinks,motorcycle,1.0,No,Metropolitian,29,3.1048037532854496,5.0,10,Morning,1,0
0x752a,INDORES11DEL03,29.0,4.6,22.751234,75.88949,22.781234,75.91949,2022-03-01,17:35,17:40,Sandstorms,Medium,2,Drinks,scooter,1.0,No,Metropolitian,20,4.537553114731602,5.0,17,Evening,1,0
0x17de,SURRES18DEL02,38.0,4.8,21.149834,72.778666,21.229834,72.858666,2022-03-02,21:15,21:25,Fog,Jam,1,Meal,scooter,0.0,No,Metropolitian,37,12.162418131175954,10.0,21,Night,2,0
0xabe,INDORES04DEL01,30.0,4.7,22.753659,75.903365,22.793659,75.943365,2022-03-26,12:45,12:55,Sandstorms,High,0,Snack,motorcycle,1.0,No,Metropolitian,41,6.049919555217586,10.0,12,Afternoon,5,1
0xad76,INDORES04DEL01,32.0,4.3,22.753659,75.903365,22.793659,75.943365,2022-03-11,15:45,16:00,Windy,Medium,0,Snack,motorcycle,0.0,No,Metropolitian,33,6.049919555217586,15.0,15,Evening,4,0
0xa8a7,MYSRES02DEL03,33.0,4.9,12.304569,76.643622,12.364569,76.703622,2022-03-24,18:30,18:40,Fog,Medium,1,Meal,scooter,1.0,No,Unknown,16,9.326940869812143,10.0,18,Evening,3,0
0x15e0,PUNERES04DEL02,29.0,4.7,18.51421,73.838429,18.59421,73.918429,2022-03-27,18:35,18:45,Sandstorms,Medium,2,Buffet,scooter,0.0,No,Metropolitian,20,12.25768788680288,10.0,18,Evening,6,1
0x5170,PUNERES06DEL02,32.0,4.0,18.546258,73.904337,18.676258,74.034337,2022-03-08,20:30,20:45,Fog,Jam,1,Drinks,motorcycle,2.0,No,Metropolitian,48,19.915585713443292,15.0,20,Night,1,0
0xa0a3,PUNERES08DEL01,34.0,4.8,18.53408,73.89852,18.54408,73.90852,2022-03-24,08:50,09:00,Fog,Low,0,Buffet,motorcycle,0.0,No,Metropolitian,23,1.5322753274864631,10.0,8,Morning,3,0
0xb974,BANGRES12DEL02,32.0,4.3,12.939496,77.625999,13.019496,77.705999,2022-03-29,20:20,20:35,Windy,Jam,0,Snack,motorcycle,1.0,No,Metropolitian,46,12.42059924680664,15.0,20,Night,1,0
0xd9fb,LUDHRES08DEL01,22.0,4.5,30.899992,75.831338,30.909992,75.841338,2022-02-17,10:30,10:40,Windy,Low,2,Drinks,scooter,1.0,No,Metropolitian,16,1.465158713283059,10.0,10,Morning,3,0
0x947a,BANGRES20DEL02,32.0,4.6,12.972161,77.596014,12.992161,77.616014,2022-03-17,11:40,11:55,Windy,High,1,Buffet,motorcycle,1.0,No,Metropolitian,30,3.105133735234752,15.0,11,Afternoon,3,0
0xaeff,MUMRES02DEL02,26.0,4.9,19.221315,72.862381,19.301315,72.942381,2022-03-25,22:50,23:05,Stormy,Low,2,Meal,electric_scooter,1.0,No,Metropolitian,19,12.233239995053252,15.0,22,Night,4,0
0xcc50,ALHRES20DEL01,38.0,4.7,25.454697,81.834492,25.524697,81.904492,2022-02-12,23:15,23:20,Sunny,Low,2,Meal,scooter,1.0,No,Metropolitian,17,10.485698499568803,5.0,23,Night,5,1
0x2086,PUNERES01DEL01,24.0,5.0,18.569156,73.774723,18.639156,73.844723,2022-03-08,21:25,21:35,Windy,Jam,2,Drinks,electric_scooter,0.0,No,Urban,17,10.723989806656368,10.0,21,Night,1,0
0x8c04,MUMRES18DEL01,20.0,4.9,19.1093,72.825451,19.1193,72.835451,2022-04-03,08:45,08:50,Sunny,Low,0,Snack,motorcycle,1.0,No,Metropolitian,13,1.5297989528631668,5.0,8,Morning,6,1
0xa81c,MYSRES16DEL01,29.0,4.6,12.316967,76.603067,12.386967,76.673067,2022-04-06,18:20,18:35,Fog,Medium,1,Snack,motorcycle,1.0,No,Metropolitian,28,10.88107784923287,15.0,18,Evening,2,0
0x7843,HYDRES17DEL01,33.0,4.6,17.451976,78.385883,17.521976,78.455883,2022-03-29,17:25,17:30,Cloudy,Medium,0,Snack,motorcycle,3.0,Yes,Metropolitian,45,10.75638385340382,5.0,17,Evening,1,0
0x75c1,MYSRES01DEL02,31.0,4.7,12.311072,76.654878,12.441072,76.784878,2022-04-02,22:40,22:45,Stormy,Low,2,Buffet,scooter,1.0,No,Metropolitian,28,20.206804295781904,5.0,22,Night,5,1
0x82a6,CHENRES15DEL02,32.0,5.0,13.026286,80.275235,13.106286,80.355235,2022-03-31,17:20,17:25,Cloudy,Medium,2,Meal,electric_scooter,1.0,No,Urban,38,12.418480328292787,5.0,17,Evening,3,0
0x1245,VADRES19DEL01,36.0,4.6,22.311844,73.165081,22.421844,73.275081,2022-03-29,22:45,22:55,Sandstorms,Low,2,Drinks,motorcycle,1.0,No,Metropolitian,21,16.659890497111146,10.0,22,Night,1,0
0x46fc,VADRES14DEL02,37.0,4.4,22.311603,73.165012,22.361603,73.215012,2022-04-03,21:55,22:05,Windy,Jam,0,Meal,motorcycle,0.0,No,Metropolitian,36,7.57343592001983,10.0,21,Night,6,1
0xafb9,MUMRES03DEL02,27.0,4.7,19.22384,72.841347,19.27384,72.891347,2022-03-21,18:10,18:20,Sandstorms,Medium,1,Drinks,motorcycle,1.0,No,Metropolitian,23,7.646049300624547,10.0,18,Evening,0,0
0x796f,CHENRES08DEL02,24.0,4.7,13.022394,80.242439,13.152394,80.372439,2022-03-31,23:20,23:25,Windy,Low,0,Snack,motorcycle,0.0,No,Metropolitian,24,20.17918820668875,5.0,23,Night,3,0
0x8e29,BANGRES07DEL03,34.0,3.0,12.978453,77.643685,13.068453,77.733685,2022-04-04,23:25,23:40,Sunny,Low,0,Snack,motorcycle,0.0,No,Metropolitian,32,13.971968544834215,15.0,23,Night,0,0
0x9e8c,PUNERES010DEL01,30.0,4.6,18.539299,73.897902,18.609299,73.967902,2022-03-20,17:15,17:20,Sunny,Medium,0,Snack,motorcycle,0.0,No,Metropolitian,25,10.724879289478304,5.0,17,Evening,6,1
0x7a6b,PUNERES06DEL01,28.0,4.5,18.546258,73.904337,18.656258,74.014337,2022-03-31,20:30,20:35,Windy,Jam,1,Snack,motorcycle,0.0,No,Metropolitian,21,16.852118690780628,5.0,20,Night,3,0
0x1db0,HYDRES15DEL02,29.0,4.5,17.45971,78.368855,17.53971,78.448855,2022-03-23,23:45,23:55,Sandstorms,Low,1,Buffet,motorcycle,0.0,No,Urban,13,12.292599798532462,10.0,23,Night,2,0
0x369a,JAPRES13DEL03,33.0,4.5,26.846156,75.8023,26.986156,75.9423,2022-03-16,20:25,20:40,Cloudy,Jam,0,Meal,motorcycle,1.0,No,Metropolitian,41,20.857115324129595,15.0,20,Night,2,0
0x2dbe,MUMRES17DEL01,22.0,4.9,19.121999,72.908493,19.191999,72.978493,2022-04-06,18:55,19:00,Stormy,Medium,2,Buffet,electric_scooter,1.0,No,Urban,28,10.707286388618611,5.0,18,Evening,2,0
0x6928,PUNERES02DEL03,27.0,4.6,18.55144,73.804855,18.64144,73.894855,2022-03-04,23:55,00:00,Stormy,Low,1,Drinks,motorcycle,0.0,No,Metropolitian,19,13.788282220013778,5.0,23,Night,4,0
0x5681,MYSRES16DEL01,20.0,5.0,12.316967,76.603067,12.326967,76.613067,2022-03-11,09:20,09:30,Cloudy,Low,2,Snack,scooter,1.0,No,Urban,17,1.5545266759919338,10.0,9,Morning,4,0
0xc4c7,ALHRES17DEL02,26.0,4.9,25.45235,81.841889,25.50235,81.891889,2022-02-11,23:55,00:10,Sunny,Low,2,Buffet,motorcycle,1.0,No,Metropolitian,18,7.490130247612089,15.0,23,Night,4,0
0xbfc4,ALHRES20DEL02,33.0,4.8,25.454697,81.834492,25.474697,81.854492,2022-02-17,09:30,09:40,Stormy,Low,1,Meal,scooter,1.0,No,Metropolitian,28,2.9961936989582854,10.0,9,Morning,3,0
0x5146,RANCHIRES07DEL03,24.0,4.9,23.359407,85.325055,23.389407,85.355055,2022-03-05,20:45,21:00,Stormy,Jam,0,Drinks,motorcycle,1.0,No,Urban,17,4.528158738548494,15.0,20,Night,5,1
0x5215,MYSRES18DEL02,21.0,3.7,12.337928,76.617889,12.387928,76.667889,2022-03-30,21:30,21:35,Sunny,Jam,0,Meal,motorcycle,1.0,No,Metropolitian,45,7.772039544673178,5.0,21,Night,2,0
0x1fdf,INDORES12DEL02,37.0,4.9,22.74806,75.8934,22.76806,75.9134,2022-03-26,08:30,08:45,Stormy,Low,1,Meal,motorcycle,1.0,No,Metropolitian,27,3.0251186390184004,15.0,8,Morning,5,1
0x4686,BANGRES13DEL02,29.0,5.0,12.935662,77.61413,13.015662,77.69413,2022-03-23,17:45,17:55,Windy,Medium,0,Drinks,motorcycle,1.0,No,Metropolitian,32,12.42069253996503,10.0,17,Evening,2,0
0x482c,SURRES07DEL01,27.0,4.6,21.170798,72.790489,21.210798,72.830489,2022-03-03,13:55,14:00,Sunny,High,1,Drinks,motorcycle,0.0,No,Metropolitian,11,6.08119089136717,5.0,13,Afternoon,3,0
0x39b7,CHENRES05DEL02,27.0,4.6,13.058616,80.264151,13.188616,80.394151,2022-04-02,17:45,17:55,Stormy,Medium,1,Drinks,scooter,0.0,No,Urban,17,20.177742451194362,10.0,17,Evening,5,1
0x6376,COIMBRES11DEL01,24.0,5.0,11.001753,76.986241,11.011753,76.996241,2022-03-24,10:45,10:50,Sunny,Low,2,Meal,motorcycle,1.0,No,Metropolitian,17,1.558137239175215,5.0,10,Morning,3,0
0xb735,PUNERES14DEL02,33.0,5.0,18.516216,73.842527,18.536216,73.862527,2022-03-13,10:45,11:00,Sunny,Low,1,Buffet,motorcycle,1.0,No,Urban,10,3.0646598407974865,15.0,10,Morning,6,1
0x6844,SURRES08DEL01,23.0,4.5,21.173343,72.792731,21.283343,72.902731,2022-03-12,17:30,17:45,Sunny,Medium,0,Buffet,motorcycle,1.0,No,Metropolitian,16,16.72129600980331,15.0,17,Evening,5,1
0x4e40,INDORES09DEL03,30.0,4.8,22.725835,75.887648,22.755835,75.917648,2022-03-07,20:30,20:40,Sandstorms,Jam,1,Buffet,scooter,0.0,No,Metropolitian,28,4.537940846050908,10.0,20,Night,0,0
0xc031,KNPRES05DEL01,39.0,4.5,26.479108,80.315042,26.519108,80.355042,2022-02-11,12:30,12:45,Fog,High,0,Buffet,motorcycle,1.0,No,Metropolitian,26,5.968870550908365,15.0,12,Afternoon,4,0
0x3956,CHENRES01DEL01,25.0,4.8,13.005801,80.250744,13.045801,80.290744,2022-03-26,14:50,14:55,Stormy,High,1,Meal,scooter,1.0,No,Metropolitian,25,6.209735433842075,5.0,14,Afternoon,5,1
0x5a33,CHENRES19DEL02,28.0,4.2,12.986047,80.218114,13.006047,80.238114,2022-04-01,08:55,09:00,Stormy,Low,0,Meal,motorcycle,1.0,No,Urban,23,3.105049191152739,5.0,8,Morning,4,0
0xa012,COIMBRES08DEL02,25.0,4.8,11.001852,76.976268,11.131852,77.106268,2022-03-27,20:10,20:20,Stormy,Jam,1,Meal,scooter,1.0,No,Metropolitian,26,20.253748386838097,10.0,20,Night,6,1
0xb2db,JAPRES01DEL03,27.0,5.0,26.90519,75.810753,26.96519,75.870753,2022-03-11,22:55,23:10,Windy,Low,1,Snack,motorcycle,0.0,No,Urban,12,8.938097379311301,15.0,22,Night,4,0
0x61d8,COIMBRES18DEL01,38.0,4.6,11.02091,76.940432,11.13091,77.050432,2022-04-06,21:20,21:30,Windy,Jam,0,Buffet,motorcycle,2.0,Yes,Urban,45,17.13752759379912,10.0,21,Night,2,0
0xbe2b,HYDRES010DEL02,32.0,4.9,17.428294,78.404423,17.508294,78.484423,2022-03-16,17:30,17:40,Cloudy,Medium,2,Drinks,electric_scooter,2.0,No,Metropolitian,39,12.29361121840287,10.0,17,Evening,2,0
0xcb3a,AGRRES13DEL01,36.0,3.8,27.159795,78.04299,27.269795,78.15299,2022-02-16,20:45,20:55,Sandstorms,Jam,1,Drinks,motorcycle,0.0,No,Metropolitian,39,16.36844353863693,10.0,20,Night,2,0
0xd102,KOLRES05DEL02,21.0,4.9,22.527893,88.368628,22.577893,88.418628,2022-02-11,20:45,20:50,Sunny,Jam,2,Drinks,scooter,1.0,No,Urban,17,7.567997138623191,5.0,20,Night,4,0
0x108e,MYSRES01DEL01,30.0,4.7,12.311072,76.654878,12.351072,76.694878,2022-03-07,12:20,12:35,Cloudy,High,0,Snack,motorcycle,1.0,No,Metropolitian,31,6.21800119018663,15.0,12,Afternoon,0,0
0x122a,PUNERES01DEL02,22.0,4.2,18.569156,73.774723,18.649156,73.854723,2022-03-27,19:35,19:40,Fog,Jam,2,Buffet,electric_scooter,1.0,No,Metropolitian,34,12.255817809722814,5.0,19,Evening,6,1
0x5422,RANCHIRES19DEL01,29.0,4.6,23.333017,85.3172,23.403017,85.3872,2022-03-02,22:45,23:00,Windy,Low,0,Drinks,motorcycle,1.0,No,Urban,16,10.565936169903516,15.0,22,Night,2,0
0xad23,SURRES18DEL01,22.0,4.5,21.149834,72.778666,21.259834,72.888666,2022-04-06,22:10,22:15,Sandstorms,Low,1,Meal,scooter,0.0,No,Urban,14,16.72253446733555,5.0,22,Night,2,0
0xc68d,GOARES07DEL03,25.0,4.6,15.561295,73.749478,15.591295,73.779478,2022-02-13,18:15,18:20,Cloudy,Medium,0,Meal,motorcycle,0.0,No,Metropolitian,25,4.631781459847124,5.0,18,Evening,6,1
0x26be,RANCHIRES06DEL02,37.0,4.8,23.357804,85.325146,23.377804,85.345146,2022-03-30,09:00,09:15,Stormy,Low,1,Meal,motorcycle,1.0,No,Urban,27,3.018841258628892,15.0,9,Morning,2,0
0xaefb,MUMRES17DEL02,39.0,5.0,19.121999,72.908493,19.171999,72.958493,2022-03-09,20:15,20:25,Sandstorms,Jam,1,Meal,scooter,0.0,No,Urban,25,7.648280480148492,10.0,20,Night,2,0
0x9304,PUNERES14DEL02,34.0,4.7,18.516216,73.842527,18.646216,73.972527,2022-03-18,23:30,23:45,Stormy,Low,0,Meal,motorcycle,1.0,No,Metropolitian,28,19.917248415728803,15.0,23,Night,4,0
0x4f6d,HYDRES20DEL01,26.0,4.8,17.483216,78.552111,17.493216,78.562111,2022-03-13,08:10,08:25,Stormy,Low,1,Drinks,motorcycle,0.0,No,Urban,11,1.5366213355982792,15.0,8,Morning,6,1
0x51aa,MYSRES07DEL01,22.0,4.6,12.325461,76.632278,12.335461,76.642278,2022-03-28,08:35,08:45,Fog,Low,0,Snack,motorcycle,1.0,No,Metropolitian,23,1.5545020843140125,10.0,8,Morning,0,0
0x7600,MUMRES11DEL01,22.0,4.7,18.994237,72.825553,19.034237,72.865553,2022-03-09,15:15,15:20,Sunny,Medium,2,Meal,electric_scooter,1.0,No,Metropolitian,19,6.120938502923837,5.0,15,Evening,2,0
0x51ef,RANCHIRES20DEL01,34.0,4.7,23.39925,85.390464,23.40925,85.400464,2022-04-01,11:00,11:15,Fog,Low,1,Meal,scooter,1.0,No,Urban,16,1.5092307910796248,15.0,11,Afternoon,4,0
0xc418,GOARES14DEL03,20.0,4.7,15.157944,73.950889,15.217944,74.010889,2022-02-11,22:45,22:55,Cloudy,Low,1,Snack,motorcycle,0.0,No,Urban,11,9.271888389475569,10.0,22,Night,4,0
0xc5ee,BHPRES06DEL01,34.0,5.0,23.232357,77.429989,23.242357,77.439989,2022-02-17,11:30,11:35,Fog,High,2,Buffet,motorcycle,1.0,No,Metropolitian,36,1.5100980577952052,5.0,11,Afternoon,3,0
0x2a6c,JAPRES16DEL01,39.0,4.6,26.849596,75.800512,26.889596,75.840512,2022-03-09,13:10,13:15,Windy,High,2,Drinks,motorcycle,1.0,No,Metropolitian,32,5.960265171500215,5.0,13,Afternoon,2,0
0x7cbd,JAPRES010DEL02,35.0,4.6,26.921411,75.793604,26.941411,75.813604,2022-04-03,09:35,09:40,Fog,Low,2,Buffet,scooter,1.0,No,Metropolitian,19,2.979410112022739,5.0,9,Morning,6,1
0x648d,COIMBRES15DEL03,33.0,4.9,11.006686,76.951736,11.036686,76.981736,2022-03-09,23:45,23:50,Sandstorms,Low,1,Snack,motorcycle,1.0,No,Urban,21,4.674295333360666,5.0,23,Night,2,0
0xd85f,AGRRES05DEL02,39.0,3.9,27.201725,78.007553,27.281725,78.087553,2022-02-16,19:15,19:20,Windy,Jam,1,Snack,motorcycle,0.0,No,Metropolitian,41,11.90305216689285,5.0,19,Evening,2,0
0x5b31,VADRES11DEL01,29.0,4.5,22.308096,73.167753,22.318096,73.177753,2022-04-03,11:15,11:25,Sandstorms,High,1,Drinks,scooter,0.0,No,Metropolitian,24,1.5148048951935007,10.0,11,Afternoon,6,1
0xbd40,RANCHIRES06DEL01,30.0,4.8,23.357804,85.325146,23.427804,85.395146,2022-03-16,18:35,18:40,Windy,Medium,2,Snack,motorcycle,0.0,No,Unknown,30,10.565032566504131,5.0,18,Evening,2,0
0xcb20,DEHRES03DEL02,25.0,4.9,30.335259,78.053162,30.465259,78.183162,2022-02-12,21:25,21:35,Sunny,Jam,2,Buffet,scooter,1.0,No,Urban,10,19.089398573506358,10.0,21,Night,5,1
0x653d,PUNERES08DEL02,39.0,5.0,18.53408,73.89852,18.66408,74.02852,2022-03-06,18:00,18:15,Windy,Medium,2,Drinks,scooter,0.0,No,Metropolitian,30,19.916260009775197,15.0,18,Evening,6,1
0x3ed8,SURRES13DEL02,37.0,4.9,21.170096,72.789122,21.250096,72.869122,2022-03-20,21:15,21:30,Sunny,Jam,2,Buffet,motorcycle,1.0,No,Metropolitian,21,12.161642370389037,15.0,21,Night,6,1
0xdd92,LUDHRES13DEL02,39.0,4.2,30.893234,75.82172,30.973234,75.90172,2022-02-12,19:20,19:25,Cloudy,Jam,1,Drinks,scooter,1.0,No,Metropolitian,36,11.71980179013411,5.0,19,Evening,5,1
0xa288,JAPRES02DEL03,20.0,4.6,26.914142,75.805704,27.004142,75.895704,2022-03-04,23:10,23:25,Cloudy,Low,0,Drinks,motorcycle,1.0,No,Metropolitian,23,13.40588385177958,15.0,23,Night,4,0
0xa518,INDORES20DEL01,27.0,4.6,22.732225,75.874765,22.802225,75.944765,2022-04-06,23:50,23:55,Cloudy,Low,0,Meal,motorcycle,1.0,No,Unknown,22,10.587588203123412,5.0,23,Night,2,0
0x3ecf,PUNERES16DEL01,34.0,5.0,18.536718,73.830327,18.576718,73.870328,2022-03-07,15:55,16:00,Fog,Medium,2,Snack,scooter,1.0,No,Metropolitian,16,6.1288740968464825,5.0,15,Evening,0,0
0x42a5,PUNERES12DEL01,30.0,4.7,18.520016,73.830547,18.560016,73.870547,2022-03-17,16:20,16:25,Sandstorms,Medium,2,Snack,motorcycle,1.0,No,Metropolitian,34,6.12908533497929,5.0,16,Evening,3,0
0x8c74,PUNERES01DEL03,38.0,4.6,18.569156,73.774723,18.599156,73.804723,2022-03-05,18:55,19:05,Sunny,Medium,1,Drinks,scooter,1.0,No,Metropolitian,16,4.596251207088927,10.0,18,Evening,5,1
0x5056,RANCHIRES18DEL01,32.0,5.0,23.351489,85.324253,23.361489,85.334253,2022-04-01,09:00,09:10,Windy,Low,1,Snack,motorcycle,1.0,No,Metropolitian,28,1.509479521227172,10.0,9,Morning,4,0
0xc092,KNPRES11DEL01,39.0,5.0,26.474986,80.342796,26.584986,80.452796,2022-02-12,23:40,23:50,Stormy,Low,0,Drinks,motorcycle,1.0,No,Metropolitian,25,16.41242981107922,10.0,23,Night,5,1
0x161a,JAPRES15DEL01,27.0,4.7,26.891191,75.802083,26.931191,75.842083,2022-04-01,12:20,12:35,Sandstorms,High,1,Snack,scooter,1.0,No,Urban,13,5.9592931098219735,15.0,12,Afternoon,4,0
0x1344,COIMBRES15DEL02,37.0,3.2,11.006686,76.951736,11.136686,77.081736,2022-03-25,23:40,23:50,Sunny,Low,0,Buffet,motorcycle,1.0,No,Metropolitian,34,20.253584375809147,10.0,23,Night,4,0
0x8694,MUMRES18DEL03,24.0,4.6,19.1093,72.825451,19.1993,72.915451,2022-03-20,20:15,20:30,Stormy,Jam,2,Buffet,motorcycle,1.0,No,Metropolitian,22,13.76661690820274,15.0,20,Night,6,1
0x4597,COIMBRES20DEL03,25.0,4.9,10.994136,76.963303,11.024136,76.993303,2022-03-21,20:35,20:50,Windy,Jam,1,Meal,scooter,1.0,No,Urban,10,4.674393132741051,15.0,20,Night,0,0
0xe244,GOARES01DEL02,31.0,4.8,15.576683,73.75575,15.706683,73.88575,2022-02-18,18:10,18:15,Cloudy,Medium,0,Buffet,motorcycle,1.0,No,Metropolitian,40,20.06797119550767,5.0,18,Evening,4,0
0x464e,SURRES01DEL02,36.0,4.6,21.186438,72.794115,21.236438,72.844115,2022-03-09,18:00,18:15,Windy,Medium,1,Meal,motorcycle,0.0,No,Unknown,29,7.600994631258685,15.0,18,Evening,2,0
0x675b,VADRES05DEL03,21.0,4.7,22.310526,73.170937,22.340526,73.200937,2022-03-26,18:00,18:15,Fog,Medium,1,Meal,motorcycle,1.0,No,Urban,10,4.544228016639666,15.0,18,Evening,5,1
0xb914,CHENRES08DEL01,30.0,4.6,13.022394,80.242439,13.132394,80.352439,2022-03-08,22:25,22:40,Sandstorms,Low,1,Drinks,motorcycle,0.0,No,Metropolitian,17,17.075035490452994,15.0,22,Night,1,0
0xd223,AURGRES18DEL01,21.0,4.6,19.888716,75.321461,19.928716,75.361461,2022-02-17,15:30,15:40,Sunny,Medium,0,Buffet,motorcycle,0.0,No,Urban,19,6.105068213539034,10.0,15,Evening,3,0
0xb921,MYSRES16DEL01,22.0,4.7,12.316967,76.603067,12.426967,76.713067,2022-03-04,21:15,21:25,Stormy,Jam,0,Buffet,motorcycle,1.0,No,Metropolitian,29,17.09819699771769,10.0,21,Night,4,0
0x728f,CHENRES20DEL02,30.0,4.5,12.975996,80.221898,12.995996,80.241898,2022-03-26,11:00,11:10,Fog,Low,0,Meal,motorcycle,1.0,No,Urban,26,3.1051103947027285,10.0,11,Afternoon,5,1
0x3fb9,MYSRES05DEL02,23.0,4.8,12.323978,76.627961,12.403978,76.707961,2022-03-23,21:50,21:55,Fog,Jam,2,Drinks,scooter,1.0,Yes,Metropolitian,41,12.43523852372965,5.0,21,Night,2,0
0x9845,SURRES04DEL03,34.0,4.8,21.173493,72.801953,21.203493,72.831953,2022-03-03,21:30,21:35,Cloudy,Jam,0,Snack,motorcycle,0.0,No,Urban,28,4.560926278066122,5.0,21,Night,3,0
0x20fa,PUNERES08DEL03,27.0,4.4,18.53408,73.89852,18.62408,73.98852,2022-03-27,20:20,20:30,Cloudy,Jam,2,Snack,scooter,1.0,No,Metropolitian,37,13.788947117364545,10.0,20,Night,6,1
0x51bc,MYSRES03DEL02,31.0,4.6,12.299524,76.64262,12.349524,76.69262,2022-03-15,22:50,23:05,Stormy,Low,1,Snack,motorcycle,1.0,No,Metropolitian,20,7.772596236164787,15.0,22,Night,1,0
0x4759,VADRES20DEL01,38.0,5.0,22.311358,73.164798,22.351358,73.204798,2022-04-05,13:50,14:00,Sandstorms,High,2,Meal,motorcycle,1.0,No,Metropolitian,25,6.058853851669116,10.0,13,Afternoon,1,0
0x7574,RANCHIRES19DEL03,22.0,5.0,23.333017,85.3172,23.363017,85.3472,2022-03-30,23:10,23:25,Cloudy,Low,0,Meal,motorcycle,1.0,No,Metropolitian,24,4.528570754218756,15.0,23,Night,2,0
0xccc6,KOLRES09DEL02,39.0,4.4,22.515082,88.36783,22.595082,88.44783,2022-02-14,17:40,17:50,Fog,Medium,2,Buffet,scooter,2.0,No,Metropolitian,44,12.108706523152946,10.0,17,Evening,0,0
0x9813,HYDRES11DEL02,29.0,4.2,17.430448,78.418213,17.560448,78.548213,2022-03-18,18:55,19:00,Fog,Medium,1,Snack,motorcycle,1.0,No,Metropolitian,32,19.975696041451314,5.0,18,Evening,4,0
0x21f5,JAPRES010DEL03,23.0,4.8,26.921411,75.793604,27.011411,75.883604,2022-03-16,23:25,23:40,Stormy,Low,2,Buffet,motorcycle,1.0,No,Metropolitian,18,13.405500819756533,15.0,23,Night,2,0
0xc518,AGRRES03DEL03,30.0,4.7,27.160832,78.011608,27.220832,78.071608,2022-02-15,23:40,23:55,Cloudy,Low,2,Buffet,scooter,1.0,No,Metropolitian,15,8.929090496038414,15.0,23,Night,1,0
0x5b45,CHENRES02DEL01,30.0,4.7,13.086438,80.220672,13.196438,80.330672,2022-03-12,19:20,19:25,Fog,Jam,2,Drinks,scooter,1.0,No,Metropolitian,35,17.072871906399556,5.0,19,Evening,5,1
0x3b63,CHENRES20DEL02,38.0,4.3,12.975996,80.221898,13.055996,80.301898,2022-03-31,17:25,17:35,Fog,Medium,1,Meal,motorcycle,1.0,No,Metropolitian,42,12.419709768770852,10.0,17,Evening,3,0
0x817c,HYDRES06DEL02,30.0,4.9,17.455894,78.375467,17.585894,78.505467,2022-03-10,19:45,19:50,Cloudy,Jam,1,Buffet,scooter,1.0,No,Unknown,48,19.974363119323215,5.0,19,Evening,3,0
0xa47c,MUMRES19DEL01,33.0,3.8,19.131141,72.813074,19.241141,72.923074,2022-04-06,23:35,23:45,Cloudy,Low,1,Buffet,scooter,1.0,No,Metropolitian,36,16.824331819052116,10.0,23,Night,2,0
0x6c5c,HYDRES02DEL01,35.0,4.3,17.41233,78.449654,17.45233,78.489654,2022-03-26,14:55,15:00,Windy,High,1,Snack,motorcycle,1.0,No,Unknown,34,6.147383751705428,5.0,14,Afternoon,5,1
0x59ce,INDORES11DEL02,22.0,4.7,22.751234,75.88949,22.801234,75.93949,2022-03-05,20:10,20:25,Windy,Jam,1,Snack,motorcycle,0.0,No,Metropolitian,29,7.562333809640329,15.0,20,Night,5,1
0x2024,JAPRES11DEL03,31.0,5.0,26.90294,75.793007,26.93294,75.823007,2022-03-01,17:35,17:50,Windy,Medium,1,Meal,scooter,0.0,No,Metropolitian,32,4.469351491411031,15.0,17,Evening,1,0
0xa30e,SURRES05DEL02,37.0,4.6,21.175104,72.804342,21.305104,72.934342,2022-03-12,23:10,23:25,Fog,Low,0,Meal,motorcycle,1.0,No,Metropolitian,40,19.76079800702991,15.0,23,Night,5,1
0xdf25,DEHRES04DEL02,32.0,4.8,30.340722,78.060221,30.390722,78.110221,2022-02-15,18:15,18:30,Sunny,Medium,2,Meal,scooter,1.0,No,Metropolitian,22,7.343184872968867,15.0,18,Evening,1,0
0x7a2d,HYDRES14DEL02,36.0,4.6,17.426228,78.407495,17.506228,78.487495,2022-04-04,23:40,23:50,Windy,Low,0,Buffet,motorcycle,1.0,No,Metropolitian,20,12.293677673573285,10.0,23,Night,0,0
0x3a4a,MYSRES08DEL01,30.0,4.7,12.297954,76.665169,12.367954,76.735169,2022-03-04,23:30,23:45,Stormy,Low,2,Buffet,scooter,0.0,No,Urban,19,10.881463659821872,15.0,23,Night,4,0
0x32ff,HYDRES17DEL01,21.0,4.9,17.451976,78.385883,17.461976,78.395883,2022-03-24,10:30,10:40,Sunny,Low,1,Snack,motorcycle,1.0,No,Metropolitian,22,1.5367469794092732,10.0,10,Morning,3,0
0x3d89,VADRES13DEL02,35.0,4.6,22.310237,73.158921,22.440237,73.288921,2022-03-16,19:00,19:05,Sunny,Medium,0,Buffet,motorcycle,1.0,No,Metropolitian,30,19.68841340777118,5.0,19,Evening,2,0
0x4fae,BANGRES010DEL02,27.0,4.6,12.933298,77.614293,12.953298,77.634293,2022-03-01,10:35,10:40,Sandstorms,Low,1,Meal,motorcycle,0.0,No,Metropolitian,16,3.105369890908668,5.0,10,Morning,1,0
0xa4c6,JAPRES01DEL03,26.0,4.7,26.90519,75.810753,26.99519,75.900753,2022-03-16,20:40,20:45,Stormy,Jam,1,Buffet,motorcycle,1.0,No,Metropolitian,16,13.40635545530559,5.0,20,Night,2,0
0xe081,DEHRES13DEL03,34.0,4.4,30.366322,78.070453,30.506322,78.210453,2022-02-18,17:55,18:00,Cloudy,Medium,2,Snack,motorcycle,1.0,No,Metropolitian,40,20.5545733218898,5.0,17,Evening,4,0
0x238f,JAPRES06DEL03,38.0,5.0,26.911927,75.797282,27.051927,75.937282,2022-03-14,22:00,22:05,Cloudy,Jam,0,Meal,motorcycle,2.0,No,Metropolitian,41,20.85172635753384,5.0,22,Night,0,0
0x85a9,SURRES13DEL03,28.0,4.7,21.170096,72.789122,21.200096,72.819122,2022-03-11,18:40,18:50,Windy,Medium,0,Meal,motorcycle,1.0,No,Metropolitian,18,4.560975023661,10.0,18,Evening,4,0
0x2bb1,CHENRES02DEL02,22.0,4.6,13.086438,80.220672,13.166438,80.300672,2022-03-27,19:25,19:30,Windy,Jam,2,Meal,electric_scooter,0.0,No,Metropolitian,18,12.417003842687146,5.0,19,Evening,6,1
0x5d6f,BANGRES14DEL01,21.0,4.5,12.949934,77.699386,12.959934,77.709386,2022-03-28,10:25,10:35,Sunny,Low,0,Meal,motorcycle,1.0,No,Urban,12,1.5526496306637072,10.0,10,Morning,0,0
0x1286,MUMRES12DEL03,30.0,4.8,19.207222,72.972281,19.237222,73.002281,2022-03-28,18:00,18:10,Stormy,Medium,0,Buffet,motorcycle,1.0,No,Metropolitian,29,4.587980157997101,10.0,18,Evening,0,0
0x8d24,MUMRES12DEL03,37.0,4.9,19.207222,72.972281,19.267222,73.032281,2022-03-11,19:40,19:45,Fog,Jam,1,Buffet,scooter,1.0,No,Urban,25,9.175565157006737,5.0,19,Evening,4,0
0xcc37,AGRRES07DEL03,27.0,4.6,27.160934,78.044095,27.190934,78.074095,2022-02-13,18:15,18:30,Sunny,Medium,1,Meal,scooter,1.0,No,Urban,12,4.464808750409879,15.0,18,Evening,6,1
0xb956,MYSRES09DEL01,22.0,4.6,12.323194,76.630583,12.393194,76.700583,2022-03-25,19:00,19:15,Sandstorms,Medium,0,Drinks,motorcycle,1.0,No,Metropolitian,20,10.880951367269885,15.0,19,Evening,4,0
0xd9ec,KNPRES12DEL01,20.0,4.6,26.492106,80.327797,26.532106,80.367797,2022-02-11,13:20,13:35,Sandstorms,High,0,Meal,motorcycle,0.0,No,Urban,20,5.968570257847648,15.0,13,Afternoon,4,0
0x6bee,JAPRES01DEL03,37.0,4.7,26.90519,75.810753,26.93519,75.840753,2022-03-11,18:25,18:40,Stormy,Medium,0,Drinks,motorcycle,1.0,No,Urban,28,4.46931202175492,15.0,18,Evening,4,0
0x80ee,HYDRES010DEL01,36.0,4.8,17.428294,78.404423,17.438294,78.414423,2022-03-09,10:10,10:25,Sunny,Low,2,Snack,scooter,1.0,No,Metropolitian,12,1.536842088254878,15.0,10,Morning,2,0
0x12e3,VADRES11DEL03,27.0,5.0,22.308096,73.167753,22.398096,73.257753,2022-03-29,18:20,18:25,Fog,Medium,0,Meal,motorcycle,1.0,No,Metropolitian,40,13.631440268080546,5.0,18,Evening,1,0
0x3b9e,COIMBRES12DEL02,22.0,4.7,11.000762,76.981876,11.130762,77.111876,2022-03-16,17:45,17:55,Windy,Medium,0,Drinks,motorcycle,1.0,No,Urban,27,20.253785359470783,10.0,17,Evening,2,0
0x1f94,HYDRES05DEL02,36.0,4.6,17.433809,78.386744,17.483809,78.436744,2022-03-03,21:55,22:10,Fog,Jam,0,Meal,motorcycle,0.0,No,Metropolitian,28,7.68369791028496,15.0,21,Night,3,0
0xcb9d,GOARES09DEL03,23.0,4.6,15.303897,73.914336,15.393897,74.004336,2022-02-18,21:45,21:50,Windy,Jam,1,Drinks,motorcycle,0.0,No,Metropolitian,28,13.90269207363203,5.0,21,Night,4,0
0x50c8,RANCHIRES04DEL02,35.0,4.5,23.359033,85.325347,23.409033,85.375347,2022-03-30,18:00,18:10,Windy,Medium,2,Buffet,scooter,0.0,No,Metropolitian,28,7.546680469081603,10.0,18,Evening,2,0
0xbc98,COIMBRES05DEL02,20.0,4.7,11.022169,76.999594,11.102169,77.079594,2022-04-06,22:45,23:00,Stormy,Low,2,Drinks,electric_scooter,0.0,No,Urban,10,12.463943835956604,15.0,22,Night,2,0
0xdc96,GOARES07DEL02,28.0,4.6,15.561295,73.749478,15.641295,73.829478,2022-02-16,19:30,19:40,Windy,Jam,2,Meal,electric_scooter,0.0,No,Metropolitian,19,12.35069307347605,10.0,19,Evening,2,0
0x47bd,PUNERES02DEL01,33.0,4.9,18.55144,73.804855,18.56144,73.814855,2022-04-01,08:45,08:50,Sandstorms,Low,2,Drinks,electric_scooter,0.0,No,Urban,24,1.5322015943257514,5.0,8,Morning,4,0
0xd863,KOLRES06DEL03,23.0,4.5,22.533662,88.366217,22.623662,88.456217,2022-02-16,23:50,00:05,Windy,Low,1,Drinks,scooter,1.0,No,Urban,12,13.621222329903818,15.0,23,Night,2,0
0x8618,MUMRES02DEL03,29.0,4.5,19.221315,72.862381,19.281315,72.922381,2022-03-28,23:10,23:15,Cloudy,Low,0,Meal,motorcycle,1.0,No,Metropolitian,24,9.175193844437826,5.0,23,Night,0,0
0x43a3,PUNERES14DEL01,27.0,4.9,18.516216,73.842527,18.526216,73.852527,2022-03-09,09:15,09:30,Sunny,Low,1,Meal,scooter,0.0,No,Metropolitian,24,1.5323511358881128,15.0,9,Morning,2,0
0x17c1,COIMBRES07DEL03,24.0,4.7,10.96185,76.971082,11.05185,77.061082,2022-03-27,21:30,21:45,Windy,Jam,1,Buffet,scooter,1.0,No,Urban,19,14.02323208308448,15.0,21,Night,6,1
0xe0a,INDORES14DEL02,22.0,4.8,22.761593,75.886362,22.841593,75.966362,2022-03-12,20:50,21:00,Stormy,Jam,1,Meal,motorcycle,1.0,No,Urban,19,12.098699936279857,10.0,20,Night,5,1
0x71a0,MYSRES13DEL02,32.0,4.8,12.310972,76.659264,12.360972,76.709264,2022-03-21,18:15,18:25,Windy,Medium,2,Buffet,electric_scooter,1.0,No,Metropolitian,26,7.772430463816821,10.0,18,Evening,0,0
0x1a9d,RANCHIRES16DEL03,38.0,4.9,23.371292,85.327872,23.461292,85.417872,2022-03-12,20:35,20:45,Fog,Jam,1,Drinks,scooter,3.0,No,Metropolitian,49,13.582511011042971,10.0,20,Night,5,1
0x3759,INDORES09DEL02,23.0,4.6,22.725835,75.887648,22.775835,75.937648,2022-03-21,22:45,23:00,Fog,Low,0,Buffet,motorcycle,1.0,No,Metropolitian,19,7.562980271914233,15.0,22,Night,0,0
0x354f,SURRES01DEL03,38.0,4.7,21.186438,72.794115,21.216438,72.824115,2022-04-05,17:35,17:45,Sunny,Medium,0,Snack,motorcycle,0.0,No,Urban,21,4.560740459631507,10.0,17,Evening,1,0
0x8376,MYSRES19DEL03,37.0,4.5,12.334022,76.618203,12.364022,76.648203,2022-03-15,23:00,23:10,Fog,Low,1,Meal,scooter,1.0,No,Metropolitian,16,4.663344843093785,10.0,23,Night,1,0
0x3182,COIMBRES20DEL03,22.0,4.9,10.994136,76.963303,11.084136,77.053303,2022-03-29,20:50,21:00,Cloudy,Jam,1,Meal,scooter,1.0,No,Metropolitian,31,14.022476786450992,10.0,20,Night,1,0
0x2c1b,JAPRES20DEL03,31.0,4.7,26.956431,75.776649,27.096431,75.916649,2022-03-29,20:00,20:10,Sandstorms,Jam,2,Meal,motorcycle,1.0,No,Metropolitian,30,20.848074005447355,10.0,20,Night,1,0
0xae3f,SURRES15DEL02,20.0,5.0,21.160522,72.771477,21.240522,72.851477,2022-03-12,23:10,23:25,Sandstorms,Low,0,Drinks,motorcycle,1.0,No,Urban,24,12.162009006258288,15.0,23,Night,5,1
0x30b1,BANGRES18DEL01,33.0,5.0,12.913041,77.683237,12.923041,77.693237,2022-04-03,10:30,10:40,Cloudy,Low,2,Drinks,electric_scooter,1.0,No,Metropolitian,17,1.5527615060238593,10.0,10,Morning,6,1
